entidad_nacimiento,Nivel Agregación,Rango_edad_2,fecha,PTPD_Aseg,PTPD_Aseg_H,PTPD_Aseg_M,PTPD_Aseg_NB,PTPD_Puestos,PTPD_Puestos_H,PTPD_Puestos_M,PTPD_Puestos_NB,TOTAL
Aguascalientes,subdel,75 años y más,202511,631,583,48,0,16,15,1,0,16
Aguascalientes,subdel,Entre 15 y 20 años,202511,509,458,51,0,18,17,1,0,18
Aguascalientes,subdel,Entre 20 y 25 años,202511,2984,2741,243,0,138,137,1,0,138
Aguascalientes,subdel,Entre 25 y 30 años,202511,3224,2917,307,0,192,186,6,0,192
Aguascalientes,subdel,Entre 30 y 35 años,202511,2831,2542,289,0,225,217,8,0,225
Aguascalientes,subdel,Entre 35 y 40 años,202511,2163,1922,241,0,197,183,14,0,197
Aguascalientes,subdel,Entre 40 y 45 años,202511,1404,1256,148,0,159,149,10,0,159
Aguascalientes,subdel,Entre 45 y 50 años,202511,963,851,112,0,152,143,9,0,152
Aguascalientes,subdel,Entre 50 y 55 años,202511,628,573,55,0,106,103,3,0,106
Aguascalientes,subdel,Entre 55 y 60 años,202511,392,358,34,0,81,80,1,0,81
Aguascalientes,subdel,Entre 60 y 65 años,202511,235,226,9,0,38,37,1,0,38
Aguascalientes,subdel,Entre 65 y 70 años,202511,70,67,3,0,8,8,0,0,8
Aguascalientes,subdel,Entre 70 y 75 años,202511,22,22,0,0,6,6,0,0,6
Baja California,subdel,75 años y más,202511,1101,1003,98,0,57,54,3,0,57
Baja California,subdel,Entre 15 y 20 años,202511,937,847,90,0,55,54,1,0,55
Baja California,subdel,Entre 20 y 25 años,202511,6746,6079,667,0,613,589,24,0,613
Baja California,subdel,Entre 25 y 30 años,202511,7108,6215,893,0,835,776,59,0,835
Baja California,subdel,Entre 30 y 35 años,202511,5714,4889,824,1,710,660,50,0,710
Baja California,subdel,Entre 35 y 40 años,202511,3764,3217,547,0,596,540,56,0,596
Baja California,subdel,Entre 40 y 45 años,202511,2625,2207,418,0,462,421,41,0,462
Baja California,subdel,Entre 45 y 50 años,202511,1823,1545,278,0,346,309,37,0,346
Baja California,subdel,Entre 50 y 55 años,202511,1266,1096,170,0,290,266,24,0,290
Baja California,subdel,Entre 55 y 60 años,202511,566,493,73,0,124,114,10,0,124
Baja California,subdel,Entre 60 y 65 años,202511,242,215,27,0,47,43,4,0,47
Baja California,subdel,Entre 65 y 70 años,202511,83,78,5,0,15,14,1,0,15
Baja California,subdel,Entre 70 y 75 años,202511,22,21,1,0,6,6,0,0,6
Baja California Sur,subdel,75 años y más,202511,323,292,31,0,20,20,0,0,20
Baja California Sur,subdel,Entre 15 y 20 años,202511,176,157,19,0,14,12,2,0,14
Baja California Sur,subdel,Entre 20 y 25 años,202511,1309,1174,135,0,107,103,4,0,107
Baja California Sur,subdel,Entre 25 y 30 años,202511,1274,1084,190,0,132,119,13,0,132
Baja California Sur,subdel,Entre 30 y 35 años,202511,1129,929,200,0,166,145,21,0,166
Baja California Sur,subdel,Entre 35 y 40 años,202511,830,677,153,0,117,104,13,0,117
Baja California Sur,subdel,Entre 40 y 45 años,202511,618,494,124,0,75,67,8,0,75
Baja California Sur,subdel,Entre 45 y 50 años,202511,403,319,84,0,68,61,7,0,68
Baja California Sur,subdel,Entre 50 y 55 años,202511,224,195,29,0,41,38,3,0,41
Baja California Sur,subdel,Entre 55 y 60 años,202511,114,103,11,0,22,18,4,0,22
Baja California Sur,subdel,Entre 60 y 65 años,202511,65,53,12,0,9,8,1,0,9
Baja California Sur,subdel,Entre 65 y 70 años,202511,15,15,0,0,2,2,0,0,2
Baja California Sur,subdel,Entre 70 y 75 años,202511,1,1,0,0,0,0,0,0,0
Campeche,subdel,75 años y más,202511,466,434,32,0,7,7,0,0,7
Campeche,subdel,Entre 15 y 20 años,202511,151,141,10,0,2,2,0,0,2
Campeche,subdel,Entre 20 y 25 años,202511,2229,2026,203,0,85,84,1,0,85
Campeche,subdel,Entre 25 y 30 años,202511,3113,2756,357,0,144,136,8,0,144
Campeche,subdel,Entre 30 y 35 años,202511,3114,2723,391,0,190,179,11,0,190
Campeche,subdel,Entre 35 y 40 años,202511,2604,2253,351,0,214,199,15,0,214
Campeche,subdel,Entre 40 y 45 años,202511,1718,1513,205,0,154,141,13,0,154
Campeche,subdel,Entre 45 y 50 años,202511,1043,921,122,0,111,107,4,0,111
Campeche,subdel,Entre 50 y 55 años,202511,735,631,104,0,98,89,9,0,98
Campeche,subdel,Entre 55 y 60 años,202511,406,356,50,0,62,58,4,0,62
Campeche,subdel,Entre 60 y 65 años,202511,151,139,12,0,20,20,0,0,20
Campeche,subdel,Entre 65 y 70 años,202511,50,49,1,0,5,5,0,0,5
Campeche,subdel,Entre 70 y 75 años,202511,15,13,2,0,3,3,0,0,3
Chiapas,subdel,75 años y más,202511,1355,1264,91,0,33,31,2,0,33
Chiapas,subdel,Entre 15 y 20 años,202511,296,277,19,0,25,24,1,0,25
Chiapas,subdel,Entre 20 y 25 años,202511,5551,5124,427,0,301,292,9,0,301
Chiapas,subdel,Entre 25 y 30 años,202511,7606,7023,583,0,572,548,24,0,572
Chiapas,subdel,Entre 30 y 35 años,202511,6532,6009,523,0,633,608,25,0,633
Chiapas,subdel,Entre 35 y 40 años,202511,4897,4505,392,0,552,529,23,0,552
Chiapas,subdel,Entre 40 y 45 años,202511,3161,2902,259,0,380,367,13,0,380
Chiapas,subdel,Entre 45 y 50 años,202511,2014,1850,164,0,290,281,9,0,290
Chiapas,subdel,Entre 50 y 55 años,202511,1143,1019,124,0,193,183,10,0,193
Chiapas,subdel,Entre 55 y 60 años,202511,644,590,54,0,118,113,5,0,118
Chiapas,subdel,Entre 60 y 65 años,202511,226,214,12,0,28,28,0,0,28
Chiapas,subdel,Entre 65 y 70 años,202511,85,83,2,0,13,13,0,0,13
Chiapas,subdel,Entre 70 y 75 años,202511,21,18,3,0,6,6,0,0,6
Chihuahua,subdel,75 años y más,202511,1410,1210,200,0,60,58,2,0,60
Chihuahua,subdel,Entre 15 y 20 años,202511,1633,1455,178,0,79,76,3,0,79
Chihuahua,subdel,Entre 20 y 25 años,202511,9854,8266,1588,0,559,521,38,0,559
Chihuahua,subdel,Entre 25 y 30 años,202511,10280,8366,1914,0,926,849,77,0,926
Chihuahua,subdel,Entre 30 y 35 años,202511,9427,7623,1804,0,1042,931,111,0,1042
Chihuahua,subdel,Entre 35 y 40 años,202511,6721,5387,1334,0,852,765,87,0,852
Chihuahua,subdel,Entre 40 y 45 años,202511,4580,3743,837,0,676,600,76,0,676
Chihuahua,subdel,Entre 45 y 50 años,202511,3155,2565,590,0,519,458,61,0,519
Chihuahua,subdel,Entre 50 y 55 años,202511,2144,1782,362,0,434,403,31,0,434
Chihuahua,subdel,Entre 55 y 60 años,202511,1259,1097,162,0,237,221,16,0,237
Chihuahua,subdel,Entre 60 y 65 años,202511,587,528,59,0,109,104,5,0,109
Chihuahua,subdel,Entre 65 y 70 años,202511,213,205,8,0,40,40,0,0,40
Chihuahua,subdel,Entre 70 y 75 años,202511,36,35,1,0,8,8,0,0,8
Ciudad de México,subdel,75 años y más,202511,12052,10696,1356,0,343,320,23,0,343
Ciudad de México,subdel,Entre 15 y 20 años,202511,1228,1111,117,0,131,122,9,0,131
Ciudad de México,subdel,Entre 20 y 25 años,202511,37126,33218,3907,1,2110,1993,117,0,2110
Ciudad de México,subdel,Entre 25 y 30 años,202511,50781,45478,5303,0,3878,3669,209,0,3878
Ciudad de México,subdel,Entre 30 y 35 años,202511,51984,46493,5491,0,5049,4768,281,0,5049
Ciudad de México,subdel,Entre 35 y 40 años,202511,46833,42296,4537,0,5574,5260,314,0,5574
Ciudad de México,subdel,Entre 40 y 45 años,202511,42697,38798,3899,0,6095,5784,311,0,6095
Ciudad de México,subdel,Entre 45 y 50 años,202511,32731,29652,3079,0,5352,5073,279,0,5352
Ciudad de México,subdel,Entre 50 y 55 años,202511,24862,22529,2333,0,4653,4433,220,0,4653
Ciudad de México,subdel,Entre 55 y 60 años,202511,14635,13449,1186,0,2981,2865,116,0,2981
Ciudad de México,subdel,Entre 60 y 65 años,202511,7504,7063,441,0,1384,1351,33,0,1384
Ciudad de México,subdel,Entre 65 y 70 años,202511,2814,2659,155,0,431,422,9,0,431
Ciudad de México,subdel,Entre 70 y 75 años,202511,770,712,58,0,96,94,2,0,96
Coahuila de Zaragoza,subdel,75 años y más,202511,752,681,71,0,34,32,2,0,34
Coahuila de Zaragoza,subdel,Entre 15 y 20 años,202511,876,794,82,0,50,49,1,0,50
Coahuila de Zaragoza,subdel,Entre 20 y 25 años,202511,6185,5579,606,0,402,387,15,0,402
Coahuila de Zaragoza,subdel,Entre 25 y 30 años,202511,7645,6898,747,0,780,739,41,0,780
Coahuila de Zaragoza,subdel,Entre 30 y 35 años,202511,8013,7092,921,0,951,892,59,0,951
Coahuila de Zaragoza,subdel,Entre 35 y 40 años,202511,6342,5571,771,0,896,830,66,0,896
Coahuila de Zaragoza,subdel,Entre 40 y 45 años,202511,4684,4135,549,0,698,652,46,0,698
Coahuila de Zaragoza,subdel,Entre 45 y 50 años,202511,3249,2898,351,0,554,511,43,0,554
Coahuila de Zaragoza,subdel,Entre 50 y 55 años,202511,2093,1877,216,0,386,367,19,0,386
Coahuila de Zaragoza,subdel,Entre 55 y 60 años,202511,1133,1035,98,0,231,221,10,0,231
Coahuila de Zaragoza,subdel,Entre 60 y 65 años,202511,629,583,46,0,125,123,2,0,125
Coahuila de Zaragoza,subdel,Entre 65 y 70 años,202511,190,180,10,0,33,31,2,0,33
Coahuila de Zaragoza,subdel,Entre 70 y 75 años,202511,47,46,1,0,11,11,0,0,11
Colima,subdel,75 años y más,202511,388,344,44,0,9,9,0,0,9
Colima,subdel,Entre 15 y 20 años,202511,286,259,27,0,8,8,0,0,8
Colima,subdel,Entre 20 y 25 años,202511,1829,1648,181,0,57,51,6,0,57
Colima,subdel,Entre 25 y 30 años,202511,1747,1535,212,0,112,104,8,0,112
Colima,subdel,Entre 30 y 35 años,202511,1448,1246,202,0,102,97,5,0,102
Colima,subdel,Entre 35 y 40 años,202511,1116,959,157,0,117,110,7,0,117
Colima,subdel,Entre 40 y 45 años,202511,728,619,109,0,99,87,12,0,99
Colima,subdel,Entre 45 y 50 años,202511,465,385,80,0,70,68,2,0,70
Colima,subdel,Entre 50 y 55 años,202511,325,275,50,0,44,43,1,0,44
Colima,subdel,Entre 55 y 60 años,202511,175,156,19,0,33,31,2,0,33
Colima,subdel,Entre 60 y 65 años,202511,77,73,4,0,17,16,1,0,17
Colima,subdel,Entre 65 y 70 años,202511,44,44,0,0,9,9,0,0,9
Colima,subdel,Entre 70 y 75 años,202511,15,13,2,0,1,1,0,0,1
Durango,subdel,75 años y más,202511,712,650,62,0,20,19,1,0,20
Durango,subdel,Entre 15 y 20 años,202511,495,461,34,0,14,13,1,0,14
Durango,subdel,Entre 20 y 25 años,202511,3679,3331,348,0,163,158,5,0,163
Durango,subdel,Entre 25 y 30 años,202511,3867,3439,428,0,244,233,11,0,244
Durango,subdel,Entre 30 y 35 años,202511,3613,3147,466,0,276,256,20,0,276
Durango,subdel,Entre 35 y 40 años,202511,2555,2233,322,0,230,218,12,0,230
Durango,subdel,Entre 40 y 45 años,202511,1800,1554,246,0,224,196,28,0,224
Durango,subdel,Entre 45 y 50 años,202511,1253,1093,160,0,181,166,15,0,181
Durango,subdel,Entre 50 y 55 años,202511,817,710,107,0,159,153,6,0,159
Durango,subdel,Entre 55 y 60 años,202511,449,398,51,0,80,76,4,0,80
Durango,subdel,Entre 60 y 65 años,202511,240,217,23,0,47,46,1,0,47
Durango,subdel,Entre 65 y 70 años,202511,108,100,8,0,18,18,0,0,18
Durango,subdel,Entre 70 y 75 años,202511,29,28,1,0,2,2,0,0,2
Extranjero/Extranjera,subdel,75 años y más,202511,535,476,59,0,34,31,3,0,34
Extranjero/Extranjera,subdel,Entre 15 y 20 años,202511,146,129,17,0,8,7,1,0,8
Extranjero/Extranjera,subdel,Entre 20 y 25 años,202511,1315,1149,166,0,96,93,3,0,96
Extranjero/Extranjera,subdel,Entre 25 y 30 años,202511,1595,1423,172,0,210,202,8,0,210
Extranjero/Extranjera,subdel,Entre 30 y 35 años,202511,1921,1700,221,0,284,266,18,0,284
Extranjero/Extranjera,subdel,Entre 35 y 40 años,202511,1644,1469,175,0,247,236,11,0,247
Extranjero/Extranjera,subdel,Entre 40 y 45 años,202511,1173,1038,135,0,218,201,17,0,218
Extranjero/Extranjera,subdel,Entre 45 y 50 años,202511,898,801,97,0,171,164,7,0,171
Extranjero/Extranjera,subdel,Entre 50 y 55 años,202511,583,498,85,0,124,114,10,0,124
Extranjero/Extranjera,subdel,Entre 55 y 60 años,202511,401,346,55,0,78,75,3,0,78
Extranjero/Extranjera,subdel,Entre 60 y 65 años,202511,204,179,25,0,42,42,0,0,42
Extranjero/Extranjera,subdel,Entre 65 y 70 años,202511,100,95,5,0,20,19,1,0,20
Extranjero/Extranjera,subdel,Entre 70 y 75 años,202511,27,27,0,0,7,7,0,0,7
Guanajuato,subdel,75 años y más,202511,1854,1718,136,0,46,45,1,0,46
Guanajuato,subdel,Entre 15 y 20 años,202511,1417,1309,108,0,40,39,1,0,40
Guanajuato,subdel,Entre 20 y 25 años,202511,9805,9117,688,0,449,434,15,0,449
Guanajuato,subdel,Entre 25 y 30 años,202511,10668,9777,891,0,704,675,29,0,704
Guanajuato,subdel,Entre 30 y 35 años,202511,9311,8479,832,0,871,826,45,0,871
Guanajuato,subdel,Entre 35 y 40 años,202511,6934,6300,634,0,764,716,48,0,764
Guanajuato,subdel,Entre 40 y 45 años,202511,5147,4696,451,0,687,648,39,0,687
Guanajuato,subdel,Entre 45 y 50 años,202511,3335,3028,307,0,546,517,29,0,546
Guanajuato,subdel,Entre 50 y 55 años,202511,2389,2176,213,0,442,424,18,0,442
Guanajuato,subdel,Entre 55 y 60 años,202511,1402,1320,82,0,324,312,12,0,324
Guanajuato,subdel,Entre 60 y 65 años,202511,698,660,38,0,124,121,3,0,124
Guanajuato,subdel,Entre 65 y 70 años,202511,272,261,11,0,46,44,2,0,46
Guanajuato,subdel,Entre 70 y 75 años,202511,78,75,3,0,16,16,0,0,16
Guerrero,subdel,75 años y más,202511,718,651,67,0,14,13,1,0,14
Guerrero,subdel,Entre 15 y 20 años,202511,194,173,21,0,14,14,0,0,14
Guerrero,subdel,Entre 20 y 25 años,202511,3022,2706,316,0,204,195,9,0,204
Guerrero,subdel,Entre 25 y 30 años,202511,4042,3605,437,0,412,377,35,0,412
Guerrero,subdel,Entre 30 y 35 años,202511,3520,3163,357,0,397,373,24,0,397
Guerrero,subdel,Entre 35 y 40 años,202511,2748,2460,288,0,390,368,22,0,390
Guerrero,subdel,Entre 40 y 45 años,202511,1880,1674,206,0,318,305,13,0,318
Guerrero,subdel,Entre 45 y 50 años,202511,1370,1229,141,0,258,247,11,0,258
Guerrero,subdel,Entre 50 y 55 años,202511,924,851,73,0,190,180,10,0,190
Guerrero,subdel,Entre 55 y 60 años,202511,508,467,41,0,112,107,5,0,112
Guerrero,subdel,Entre 60 y 65 años,202511,271,250,21,0,54,53,1,0,54
Guerrero,subdel,Entre 65 y 70 años,202511,106,96,10,0,18,17,1,0,18
Guerrero,subdel,Entre 70 y 75 años,202511,26,23,3,0,2,2,0,0,2
Hidalgo,subdel,75 años y más,202511,435,390,45,0,11,11,0,0,11
Hidalgo,subdel,Entre 15 y 20 años,202511,99,93,6,0,6,6,0,0,6
Hidalgo,subdel,Entre 20 y 25 años,202511,1682,1538,144,0,108,101,7,0,108
Hidalgo,subdel,Entre 25 y 30 años,202511,2245,2063,182,0,187,181,6,0,187
Hidalgo,subdel,Entre 30 y 35 años,202511,2145,1920,225,0,270,251,19,0,270
Hidalgo,subdel,Entre 35 y 40 años,202511,1502,1374,128,0,218,211,7,0,218
Hidalgo,subdel,Entre 40 y 45 años,202511,1110,1008,102,0,184,178,6,0,184
Hidalgo,subdel,Entre 45 y 50 años,202511,827,752,75,0,147,140,7,0,147
Hidalgo,subdel,Entre 50 y 55 años,202511,552,499,53,0,130,124,6,0,130
Hidalgo,subdel,Entre 55 y 60 años,202511,354,333,21,0,81,80,1,0,81
Hidalgo,subdel,Entre 60 y 65 años,202511,190,181,9,0,34,32,2,0,34
Hidalgo,subdel,Entre 65 y 70 años,202511,97,89,8,0,17,17,0,0,17
Hidalgo,subdel,Entre 70 y 75 años,202511,35,29,6,0,5,5,0,0,5
Jalisco,subdel,75 años y más,202511,4373,3951,422,0,174,166,8,0,174
Jalisco,subdel,Entre 15 y 20 años,202511,2848,2625,223,0,107,105,2,0,107
Jalisco,subdel,Entre 20 y 25 años,202511,20835,18962,1873,0,1269,1216,53,0,1269
Jalisco,subdel,Entre 25 y 30 años,202511,22041,19948,2093,0,1964,1872,92,0,1964
Jalisco,subdel,Entre 30 y 35 años,202511,19582,17504,2078,0,2222,2071,151,0,2222
Jalisco,subdel,Entre 35 y 40 años,202511,16183,14401,1782,0,2135,1998,137,0,2135
Jalisco,subdel,Entre 40 y 45 años,202511,12155,10846,1309,0,1911,1794,117,0,1911
Jalisco,subdel,Entre 45 y 50 años,202511,8381,7416,965,0,1453,1351,102,0,1453
Jalisco,subdel,Entre 50 y 55 años,202511,6014,5363,651,0,1143,1075,68,0,1143
Jalisco,subdel,Entre 55 y 60 años,202511,3175,2894,281,0,696,664,32,0,696
Jalisco,subdel,Entre 60 y 65 años,202511,1497,1400,97,0,287,278,9,0,287
Jalisco,subdel,Entre 65 y 70 años,202511,522,487,35,0,71,71,0,0,71
Jalisco,subdel,Entre 70 y 75 años,202511,149,133,16,0,22,22,0,0,22
Michoacán de Ocampo,subdel,75 años y más,202511,986,928,58,0,16,13,3,0,16
Michoacán de Ocampo,subdel,Entre 15 y 20 años,202511,380,357,23,0,10,9,1,0,10
Michoacán de Ocampo,subdel,Entre 20 y 25 años,202511,4147,3859,288,0,201,195,6,0,201
Michoacán de Ocampo,subdel,Entre 25 y 30 años,202511,5064,4660,404,0,317,298,19,0,317
Michoacán de Ocampo,subdel,Entre 30 y 35 años,202511,4902,4439,463,0,430,395,35,0,430
Michoacán de Ocampo,subdel,Entre 35 y 40 años,202511,3707,3323,384,0,410,386,24,0,410
Michoacán de Ocampo,subdel,Entre 40 y 45 años,202511,2628,2320,308,0,361,341,20,0,361
Michoacán de Ocampo,subdel,Entre 45 y 50 años,202511,1785,1574,211,0,264,248,16,0,264
Michoacán de Ocampo,subdel,Entre 50 y 55 años,202511,1258,1125,133,0,229,219,10,0,229
Michoacán de Ocampo,subdel,Entre 55 y 60 años,202511,775,722,53,0,161,155,6,0,161
Michoacán de Ocampo,subdel,Entre 60 y 65 años,202511,480,450,30,0,88,88,0,0,88
Michoacán de Ocampo,subdel,Entre 65 y 70 años,202511,203,178,25,0,36,34,2,0,36
Michoacán de Ocampo,subdel,Entre 70 y 75 años,202511,65,63,2,0,8,8,0,0,8
Morelos,subdel,75 años y más,202511,1363,1232,131,0,16,16,0,0,16
Morelos,subdel,Entre 15 y 20 años,202511,156,144,12,0,16,16,0,0,16
Morelos,subdel,Entre 20 y 25 años,202511,3685,3332,353,0,141,135,6,0,141
Morelos,subdel,Entre 25 y 30 años,202511,4275,3865,410,0,176,164,12,0,176
Morelos,subdel,Entre 30 y 35 años,202511,3578,3231,347,0,252,238,14,0,252
Morelos,subdel,Entre 35 y 40 años,202511,2378,2116,262,0,188,173,15,0,188
Morelos,subdel,Entre 40 y 45 años,202511,1660,1514,146,0,152,143,9,0,152
Morelos,subdel,Entre 45 y 50 años,202511,1147,1028,119,0,122,116,6,0,122
Morelos,subdel,Entre 50 y 55 años,202511,759,694,65,0,99,96,3,0,99
Morelos,subdel,Entre 55 y 60 años,202511,380,346,34,0,47,46,1,0,47
Morelos,subdel,Entre 60 y 65 años,202511,164,150,14,0,34,32,2,0,34
Morelos,subdel,Entre 65 y 70 años,202511,46,45,1,0,3,3,0,0,3
Morelos,subdel,Entre 70 y 75 años,202511,18,18,0,0,0,0,0,0,0
México,subdel,75 años y más,202511,11436,10366,1070,0,233,214,19,0,233
México,subdel,Entre 15 y 20 años,202511,1235,1133,102,0,103,98,5,0,103
México,subdel,Entre 20 y 25 años,202511,31528,28661,2867,0,1585,1505,80,0,1585
México,subdel,Entre 25 y 30 años,202511,37259,33945,3314,0,2442,2334,108,0,2442
México,subdel,Entre 30 y 35 años,202511,30521,27780,2741,0,2686,2543,143,0,2686
México,subdel,Entre 35 y 40 años,202511,19430,17769,1661,0,2049,1952,97,0,2049
México,subdel,Entre 40 y 45 años,202511,10242,9342,900,0,1208,1134,74,0,1208
México,subdel,Entre 45 y 50 años,202511,6153,5634,519,0,873,841,32,0,873
México,subdel,Entre 50 y 55 años,202511,3326,3084,242,0,562,541,21,0,562
México,subdel,Entre 55 y 60 años,202511,1607,1507,100,0,292,285,7,0,292
México,subdel,Entre 60 y 65 años,202511,755,711,44,0,114,111,3,0,114
México,subdel,Entre 65 y 70 años,202511,275,259,16,0,40,40,0,0,40
México,subdel,Entre 70 y 75 años,202511,60,56,4,0,10,10,0,0,10
Nayarit,subdel,75 años y más,202511,543,501,42,0,14,13,1,0,14
Nayarit,subdel,Entre 15 y 20 años,202511,197,182,15,0,8,8,0,0,8
Nayarit,subdel,Entre 20 y 25 años,202511,2242,2057,185,0,144,137,7,0,144
Nayarit,subdel,Entre 25 y 30 años,202511,2740,2528,212,0,206,199,7,0,206
Nayarit,subdel,Entre 30 y 35 años,202511,2624,2403,221,0,290,276,14,0,290
Nayarit,subdel,Entre 35 y 40 años,202511,2302,2082,220,0,316,295,21,0,316
Nayarit,subdel,Entre 40 y 45 años,202511,1777,1615,162,0,274,259,15,0,274
Nayarit,subdel,Entre 45 y 50 años,202511,1276,1162,114,0,221,213,8,0,221
Nayarit,subdel,Entre 50 y 55 años,202511,852,791,61,0,142,135,7,0,142
Nayarit,subdel,Entre 55 y 60 años,202511,460,434,26,0,84,81,3,0,84
Nayarit,subdel,Entre 60 y 65 años,202511,248,234,14,0,47,47,0,0,47
Nayarit,subdel,Entre 65 y 70 años,202511,103,99,4,0,18,17,1,0,18
Nayarit,subdel,Entre 70 y 75 años,202511,26,25,1,0,1,1,0,0,1
Nuevo León,subdel,75 años y más,202511,1729,1510,219,0,110,101,9,0,110
Nuevo León,subdel,Entre 15 y 20 años,202511,2701,2476,225,0,156,151,5,0,156
Nuevo León,subdel,Entre 20 y 25 años,202511,14645,13044,1601,0,1320,1269,51,0,1320
Nuevo León,subdel,Entre 25 y 30 años,202511,17092,14995,2097,0,2210,2098,112,0,2210
Nuevo León,subdel,Entre 30 y 35 años,202511,16800,14685,2115,0,2617,2453,164,0,2617
Nuevo León,subdel,Entre 35 y 40 años,202511,13467,11809,1658,0,2501,2329,172,0,2501
Nuevo León,subdel,Entre 40 y 45 años,202511,10593,9263,1330,0,2343,2169,174,0,2343
Nuevo León,subdel,Entre 45 y 50 años,202511,7379,6546,833,0,1846,1722,124,0,1846
Nuevo León,subdel,Entre 50 y 55 años,202511,4737,4175,562,0,1377,1289,88,0,1377
Nuevo León,subdel,Entre 55 y 60 años,202511,2719,2473,246,0,818,770,48,0,818
Nuevo León,subdel,Entre 60 y 65 años,202511,1302,1205,97,0,347,338,9,0,347
Nuevo León,subdel,Entre 65 y 70 años,202511,429,399,30,0,112,108,4,0,112
Nuevo León,subdel,Entre 70 y 75 años,202511,90,82,8,0,21,20,1,0,21
Oaxaca,subdel,75 años y más,202511,800,725,75,0,28,25,3,0,28
Oaxaca,subdel,Entre 15 y 20 años,202511,247,224,23,0,15,14,1,0,15
Oaxaca,subdel,Entre 20 y 25 años,202511,3576,3250,326,0,198,188,10,0,198
Oaxaca,subdel,Entre 25 y 30 años,202511,4527,4119,408,0,408,392,16,0,408
Oaxaca,subdel,Entre 30 y 35 años,202511,3971,3598,373,0,411,386,25,0,411
Oaxaca,subdel,Entre 35 y 40 años,202511,2828,2531,297,0,368,335,33,0,368
Oaxaca,subdel,Entre 40 y 45 años,202511,2080,1917,163,0,338,319,19,0,338
Oaxaca,subdel,Entre 45 y 50 años,202511,1461,1354,107,0,228,223,5,0,228
Oaxaca,subdel,Entre 50 y 55 años,202511,914,825,89,0,164,155,9,0,164
Oaxaca,subdel,Entre 55 y 60 años,202511,451,419,32,0,93,89,4,0,93
Oaxaca,subdel,Entre 60 y 65 años,202511,267,247,20,0,59,58,1,0,59
Oaxaca,subdel,Entre 65 y 70 años,202511,96,89,7,0,18,16,2,0,18
Oaxaca,subdel,Entre 70 y 75 años,202511,32,29,3,0,4,4,0,0,4
Puebla,subdel,75 años y más,202511,1902,1769,133,0,48,45,3,0,48
Puebla,subdel,Entre 15 y 20 años,202511,605,563,42,0,24,24,0,0,24
Puebla,subdel,Entre 20 y 25 años,202511,8172,7535,637,0,388,377,11,0,388
Puebla,subdel,Entre 25 y 30 años,202511,10338,9521,817,0,752,728,24,0,752
Puebla,subdel,Entre 30 y 35 años,202511,9327,8564,763,0,872,839,33,0,872
Puebla,subdel,Entre 35 y 40 años,202511,7053,6443,610,0,876,832,44,0,876
Puebla,subdel,Entre 40 y 45 años,202511,5286,4841,445,0,760,734,26,0,760
Puebla,subdel,Entre 45 y 50 años,202511,3850,3538,312,0,641,620,21,0,641
Puebla,subdel,Entre 50 y 55 años,202511,2567,2362,205,0,508,486,22,0,508
Puebla,subdel,Entre 55 y 60 años,202511,1437,1335,102,0,296,291,5,0,296
Puebla,subdel,Entre 60 y 65 años,202511,713,675,38,0,110,108,2,0,110
Puebla,subdel,Entre 65 y 70 años,202511,258,238,20,0,40,39,1,0,40
Puebla,subdel,Entre 70 y 75 años,202511,79,77,2,0,13,13,0,0,13
Querétaro,subdel,75 años y más,202511,922,847,75,0,24,23,1,0,24
Querétaro,subdel,Entre 15 y 20 años,202511,192,182,10,0,23,23,0,0,23
Querétaro,subdel,Entre 20 y 25 años,202511,3284,3033,251,0,199,196,3,0,199
Querétaro,subdel,Entre 25 y 30 años,202511,4135,3743,392,0,337,320,17,0,337
Querétaro,subdel,Entre 30 y 35 años,202511,3659,3314,345,0,406,385,21,0,406
Querétaro,subdel,Entre 35 y 40 años,202511,2758,2497,261,0,334,315,19,0,334
Querétaro,subdel,Entre 40 y 45 años,202511,2079,1879,200,0,289,269,20,0,289
Querétaro,subdel,Entre 45 y 50 años,202511,1383,1263,120,0,237,228,9,0,237
Querétaro,subdel,Entre 50 y 55 años,202511,877,813,64,0,159,150,9,0,159
Querétaro,subdel,Entre 55 y 60 años,202511,452,428,24,0,94,92,2,0,94
Querétaro,subdel,Entre 60 y 65 años,202511,185,172,13,0,40,38,2,0,40
Querétaro,subdel,Entre 65 y 70 años,202511,75,72,3,0,12,12,0,0,12
Querétaro,subdel,Entre 70 y 75 años,202511,14,14,0,0,0,0,0,0,0
Quintana Roo,subdel,75 años y más,202511,1016,912,104,0,23,21,2,0,23
Quintana Roo,subdel,Entre 15 y 20 años,202511,620,583,37,0,21,21,0,0,21
Quintana Roo,subdel,Entre 20 y 25 años,202511,4223,3763,460,0,137,130,7,0,137
Quintana Roo,subdel,Entre 25 y 30 años,202511,4118,3615,503,0,215,205,10,0,215
Quintana Roo,subdel,Entre 30 y 35 años,202511,3241,2798,443,0,240,226,14,0,240
Quintana Roo,subdel,Entre 35 y 40 años,202511,1713,1481,232,0,173,154,19,0,173
Quintana Roo,subdel,Entre 40 y 45 años,202511,923,799,124,0,86,82,4,0,86
Quintana Roo,subdel,Entre 45 y 50 años,202511,422,376,46,0,49,43,6,0,49
Quintana Roo,subdel,Entre 50 y 55 años,202511,159,137,22,0,17,16,1,0,17
Quintana Roo,subdel,Entre 55 y 60 años,202511,60,51,9,0,8,7,1,0,8
Quintana Roo,subdel,Entre 60 y 65 años,202511,34,29,5,0,8,8,0,0,8
Quintana Roo,subdel,Entre 65 y 70 años,202511,6,6,0,0,0,0,0,0,0
Quintana Roo,subdel,Entre 70 y 75 años,202511,3,1,2,0,0,0,0,0,0
San Luis Potosí,subdel,75 años y más,202511,883,814,69,0,32,32,0,0,32
San Luis Potosí,subdel,Entre 15 y 20 años,202511,775,713,62,0,32,28,4,0,32
San Luis Potosí,subdel,Entre 20 y 25 años,202511,5324,4816,508,0,282,270,12,0,282
San Luis Potosí,subdel,Entre 25 y 30 años,202511,6306,5628,678,0,466,437,29,0,466
San Luis Potosí,subdel,Entre 30 y 35 años,202511,6113,5429,684,0,639,605,34,0,639
San Luis Potosí,subdel,Entre 35 y 40 años,202511,4368,3836,532,0,533,496,37,0,533
San Luis Potosí,subdel,Entre 40 y 45 años,202511,2864,2530,334,0,404,376,28,0,404
San Luis Potosí,subdel,Entre 45 y 50 años,202511,1965,1710,255,0,329,311,18,0,329
San Luis Potosí,subdel,Entre 50 y 55 años,202511,1360,1204,156,0,266,247,19,0,266
San Luis Potosí,subdel,Entre 55 y 60 años,202511,793,717,76,0,178,175,3,0,178
San Luis Potosí,subdel,Entre 60 y 65 años,202511,444,416,28,0,87,85,2,0,87
San Luis Potosí,subdel,Entre 65 y 70 años,202511,162,152,10,0,26,26,0,0,26
San Luis Potosí,subdel,Entre 70 y 75 años,202511,49,44,5,0,9,9,0,0,9
Sinaloa,subdel,75 años y más,202511,1461,1372,89,0,50,49,1,0,50
Sinaloa,subdel,Entre 15 y 20 años,202511,987,913,74,0,37,36,1,0,37
Sinaloa,subdel,Entre 20 y 25 años,202511,7724,7118,606,0,480,468,12,0,480
Sinaloa,subdel,Entre 25 y 30 años,202511,8982,8182,800,0,739,702,37,0,739
Sinaloa,subdel,Entre 30 y 35 años,202511,8436,7457,979,0,834,784,50,0,834
Sinaloa,subdel,Entre 35 y 40 años,202511,6536,5762,774,0,836,778,58,0,836
Sinaloa,subdel,Entre 40 y 45 años,202511,4915,4304,611,0,735,681,54,0,735
Sinaloa,subdel,Entre 45 y 50 años,202511,3630,3185,445,0,599,559,40,0,599
Sinaloa,subdel,Entre 50 y 55 años,202511,2306,2013,293,0,420,386,34,0,420
Sinaloa,subdel,Entre 55 y 60 años,202511,1352,1217,135,0,279,256,23,0,279
Sinaloa,subdel,Entre 60 y 65 años,202511,629,577,52,0,117,111,6,0,117
Sinaloa,subdel,Entre 65 y 70 años,202511,229,207,22,0,21,21,0,0,21
Sinaloa,subdel,Entre 70 y 75 años,202511,63,61,2,0,10,10,0,0,10
Sonora,subdel,75 años y más,202511,878,788,90,0,45,45,0,0,45
Sonora,subdel,Entre 15 y 20 años,202511,651,606,45,0,26,25,1,0,26
Sonora,subdel,Entre 20 y 25 años,202511,5565,5042,523,0,386,362,24,0,386
Sonora,subdel,Entre 25 y 30 años,202511,6723,5892,831,0,657,604,53,0,657
Sonora,subdel,Entre 30 y 35 años,202511,6466,5556,910,0,775,708,67,0,775
Sonora,subdel,Entre 35 y 40 años,202511,5203,4400,803,0,665,589,76,0,665
Sonora,subdel,Entre 40 y 45 años,202511,4036,3426,610,0,640,568,72,0,640
Sonora,subdel,Entre 45 y 50 años,202511,3023,2550,473,0,549,490,59,0,549
Sonora,subdel,Entre 50 y 55 años,202511,1973,1672,301,0,434,397,37,0,434
Sonora,subdel,Entre 55 y 60 años,202511,1137,981,156,0,246,222,24,0,246
Sonora,subdel,Entre 60 y 65 años,202511,599,547,52,0,127,125,2,0,127
Sonora,subdel,Entre 65 y 70 años,202511,235,220,15,0,42,39,3,0,42
Sonora,subdel,Entre 70 y 75 años,202511,64,62,2,0,11,10,1,0,11
Tabasco,subdel,75 años y más,202511,773,711,62,0,19,17,2,0,19
Tabasco,subdel,Entre 15 y 20 años,202511,408,376,32,0,19,16,3,0,19
Tabasco,subdel,Entre 20 y 25 años,202511,4382,3974,408,0,215,205,10,0,215
Tabasco,subdel,Entre 25 y 30 años,202511,5807,5250,557,0,414,390,24,0,414
Tabasco,subdel,Entre 30 y 35 años,202511,5412,4856,556,0,473,452,21,0,473
Tabasco,subdel,Entre 35 y 40 años,202511,4193,3793,400,0,474,446,28,0,474
Tabasco,subdel,Entre 40 y 45 años,202511,2919,2650,269,0,346,332,14,0,346
Tabasco,subdel,Entre 45 y 50 años,202511,1801,1605,196,0,247,235,12,0,247
Tabasco,subdel,Entre 50 y 55 años,202511,1019,913,106,0,149,136,13,0,149
Tabasco,subdel,Entre 55 y 60 años,202511,487,441,46,0,85,79,6,0,85
Tabasco,subdel,Entre 60 y 65 años,202511,163,152,11,0,29,29,0,0,29
Tabasco,subdel,Entre 65 y 70 años,202511,56,52,4,0,10,10,0,0,10
Tabasco,subdel,Entre 70 y 75 años,202511,11,9,2,0,2,1,1,0,2
Tamaulipas,subdel,75 años y más,202511,1320,1157,163,0,60,56,4,0,60
Tamaulipas,subdel,Entre 15 y 20 años,202511,726,675,51,0,37,35,2,0,37
Tamaulipas,subdel,Entre 20 y 25 años,202511,7047,6219,828,0,505,470,35,0,505
Tamaulipas,subdel,Entre 25 y 30 años,202511,8121,7150,971,0,745,701,44,0,745
Tamaulipas,subdel,Entre 30 y 35 años,202511,7425,6426,999,0,880,813,67,0,880
Tamaulipas,subdel,Entre 35 y 40 años,202511,5627,4892,735,0,659,607,52,0,659
Tamaulipas,subdel,Entre 40 y 45 años,202511,4015,3496,519,0,542,503,39,0,542
Tamaulipas,subdel,Entre 45 y 50 años,202511,2670,2339,331,0,452,418,34,0,452
Tamaulipas,subdel,Entre 50 y 55 años,202511,1832,1611,221,0,321,299,22,0,321
Tamaulipas,subdel,Entre 55 y 60 años,202511,1105,978,127,0,209,191,18,0,209
Tamaulipas,subdel,Entre 60 y 65 años,202511,571,524,47,0,88,85,3,0,88
Tamaulipas,subdel,Entre 65 y 70 años,202511,184,176,8,0,25,25,0,0,25
Tamaulipas,subdel,Entre 70 y 75 años,202511,57,55,2,0,11,11,0,0,11
Tlaxcala,subdel,75 años y más,202511,305,293,12,0,8,8,0,0,8
Tlaxcala,subdel,Entre 15 y 20 años,202511,78,78,0,0,1,1,0,0,1
Tlaxcala,subdel,Entre 20 y 25 años,202511,1331,1268,63,0,45,42,3,0,45
Tlaxcala,subdel,Entre 25 y 30 años,202511,1726,1635,91,0,79,75,4,0,79
Tlaxcala,subdel,Entre 30 y 35 años,202511,1522,1420,102,0,113,108,5,0,113
Tlaxcala,subdel,Entre 35 y 40 años,202511,1164,1091,73,0,92,90,2,0,92
Tlaxcala,subdel,Entre 40 y 45 años,202511,838,792,46,0,88,88,0,0,88
Tlaxcala,subdel,Entre 45 y 50 años,202511,591,552,39,0,70,68,2,0,70
Tlaxcala,subdel,Entre 50 y 55 años,202511,369,349,20,0,64,64,0,0,64
Tlaxcala,subdel,Entre 55 y 60 años,202511,197,184,13,0,35,34,1,0,35
Tlaxcala,subdel,Entre 60 y 65 años,202511,125,121,4,0,25,25,0,0,25
Tlaxcala,subdel,Entre 65 y 70 años,202511,50,47,3,0,10,9,1,0,10
Tlaxcala,subdel,Entre 70 y 75 años,202511,15,15,0,0,0,0,0,0,0
Veracruz,subdel,75 años y más,202511,1653,1495,158,0,49,45,4,0,49
Veracruz,subdel,Entre 15 y 20 años,202511,933,860,73,0,49,45,4,0,49
Veracruz,subdel,Entre 20 y 25 años,202511,10388,9437,951,0,601,582,19,0,601
Veracruz,subdel,Entre 25 y 30 años,202511,14689,13238,1451,0,1277,1207,70,0,1277
Veracruz,subdel,Entre 30 y 35 años,202511,15204,13581,1623,0,1583,1497,86,0,1583
Veracruz,subdel,Entre 35 y 40 años,202511,12000,10769,1231,0,1483,1395,88,0,1483
Veracruz,subdel,Entre 40 y 45 años,202511,8896,7992,904,0,1283,1219,64,0,1283
Veracruz,subdel,Entre 45 y 50 años,202511,6066,5522,544,0,971,927,44,0,971
Veracruz,subdel,Entre 50 y 55 años,202511,3911,3549,362,0,687,654,33,0,687
Veracruz,subdel,Entre 55 y 60 años,202511,2098,1929,169,0,376,362,14,0,376
Veracruz,subdel,Entre 60 y 65 años,202511,1009,922,87,0,159,154,5,0,159
Veracruz,subdel,Entre 65 y 70 años,202511,332,313,19,0,51,50,1,0,51
Veracruz,subdel,Entre 70 y 75 años,202511,107,102,5,0,10,10,0,0,10
Yucatán,subdel,75 años y más,202511,891,790,101,0,27,25,2,0,27
Yucatán,subdel,Entre 15 y 20 años,202511,435,401,34,0,13,13,0,0,13
Yucatán,subdel,Entre 20 y 25 años,202511,5287,4831,456,0,246,232,14,0,246
Yucatán,subdel,Entre 25 y 30 años,202511,7211,6529,682,0,495,471,24,0,495
Yucatán,subdel,Entre 30 y 35 años,202511,7460,6642,818,0,675,624,51,0,675
Yucatán,subdel,Entre 35 y 40 años,202511,6420,5724,696,0,738,691,47,0,738
Yucatán,subdel,Entre 40 y 45 años,202511,4923,4388,535,0,647,597,50,0,647
Yucatán,subdel,Entre 45 y 50 años,202511,3396,3077,319,0,492,468,24,0,492
Yucatán,subdel,Entre 50 y 55 años,202511,2376,2117,259,0,422,395,27,0,422
Yucatán,subdel,Entre 55 y 60 años,202511,1299,1176,123,0,246,227,19,0,246
Yucatán,subdel,Entre 60 y 65 años,202511,655,597,58,0,96,93,3,0,96
Yucatán,subdel,Entre 65 y 70 años,202511,190,182,8,0,36,35,1,0,36
Yucatán,subdel,Entre 70 y 75 años,202511,66,61,5,0,6,6,0,0,6
Zacatecas,subdel,75 años y más,202511,372,351,21,0,7,7,0,0,7
Zacatecas,subdel,Entre 15 y 20 años,202511,198,194,4,0,4,4,0,0,4
Zacatecas,subdel,Entre 20 y 25 años,202511,1596,1489,107,0,60,57,3,0,60
Zacatecas,subdel,Entre 25 y 30 años,202511,1878,1730,148,0,127,121,6,0,127
Zacatecas,subdel,Entre 30 y 35 años,202511,1491,1320,171,0,164,154,10,0,164
Zacatecas,subdel,Entre 35 y 40 años,202511,1333,1193,140,0,171,160,11,0,171
Zacatecas,subdel,Entre 40 y 45 años,202511,989,890,99,0,118,109,9,0,118
Zacatecas,subdel,Entre 45 y 50 años,202511,744,678,66,0,127,122,5,0,127
Zacatecas,subdel,Entre 50 y 55 años,202511,592,543,49,0,106,101,5,0,106
Zacatecas,subdel,Entre 55 y 60 años,202511,408,376,32,0,90,89,1,0,90
Zacatecas,subdel,Entre 60 y 65 años,202511,257,245,12,0,54,52,2,0,54
Zacatecas,subdel,Entre 65 y 70 años,202511,90,81,9,0,16,15,1,0,16
Zacatecas,subdel,Entre 70 y 75 años,202511,32,28,4,0,4,4,0,0,4
