CVE_DIVISION,División,entidad_nacimiento,fecha,Rango_edad_2,SalarioFem,SalarioMasc,PTPD_Aseg,PTPD_Aseg_H,PTPD_Aseg_M,PTPD_Aseg_NB,PTPD_Puestos,PTPD_Puestos_H,PTPD_Puestos_M,PTPD_Puestos_NB
7,Transportes y comunicaciones,Aguascalientes,202511,75 años y más,295.03,377.241333333,631,583,48,0,16,15,1,0
7,Transportes y comunicaciones,Aguascalientes,202511,Entre 15 y 20 años,278.8,323.001764706,509,458,51,0,18,17,1,0
7,Transportes y comunicaciones,Aguascalientes,202511,Entre 20 y 25 años,278.8,345.380729927,2984,2741,243,0,138,137,1,0
7,Transportes y comunicaciones,Aguascalientes,202511,Entre 25 y 30 años,378.003333333,361.649946237,3224,2917,307,0,192,186,6,0
7,Transportes y comunicaciones,Aguascalientes,202511,Entre 30 y 35 años,326.25125,370.472211982,2831,2542,289,0,225,217,8,0
7,Transportes y comunicaciones,Aguascalientes,202511,Entre 35 y 40 años,322.383571429,379.865628415,2163,1922,241,0,197,183,14,0
7,Transportes y comunicaciones,Aguascalientes,202511,Entre 40 y 45 años,357.119,387.884966443,1404,1256,148,0,159,149,10,0
7,Transportes y comunicaciones,Aguascalientes,202511,Entre 45 y 50 años,316.73,396.092797203,963,851,112,0,152,143,9,0
7,Transportes y comunicaciones,Aguascalientes,202511,Entre 50 y 55 años,354.86,393.045339806,628,573,55,0,106,103,3,0
7,Transportes y comunicaciones,Aguascalientes,202511,Entre 55 y 60 años,278.8,376.62125,392,358,34,0,81,80,1,0
7,Transportes y comunicaciones,Aguascalientes,202511,Entre 60 y 65 años,402.89,394.335675676,235,226,9,0,38,37,1,0
7,Transportes y comunicaciones,Aguascalientes,202511,Entre 65 y 70 años,,398.5775,70,67,3,0,8,8,0,0
7,Transportes y comunicaciones,Aguascalientes,202511,Entre 70 y 75 años,,341.478333333,22,22,0,0,6,6,0,0
7,Transportes y comunicaciones,Baja California,202511,75 años y más,348.746666667,376.041481481,1101,1003,98,0,57,54,3,0
7,Transportes y comunicaciones,Baja California,202511,Entre 15 y 20 años,485.87,375.758888889,937,847,90,0,55,54,1,0
7,Transportes y comunicaciones,Baja California,202511,Entre 20 y 25 años,356.22,387.615280136,6746,6079,667,0,613,589,24,0
7,Transportes y comunicaciones,Baja California,202511,Entre 25 y 30 años,382.686440678,398.394097938,7108,6215,893,0,835,776,59,0
7,Transportes y comunicaciones,Baja California,202511,Entre 30 y 35 años,361.5982,411.621742424,5714,4889,824,1,710,660,50,0
7,Transportes y comunicaciones,Baja California,202511,Entre 35 y 40 años,370.251071429,419.915296296,3764,3217,547,0,596,540,56,0
7,Transportes y comunicaciones,Baja California,202511,Entre 40 y 45 años,380.916829268,415.171068884,2625,2207,418,0,462,421,41,0
7,Transportes y comunicaciones,Baja California,202511,Entre 45 y 50 años,392.012972973,412.255048544,1823,1545,278,0,346,309,37,0
7,Transportes y comunicaciones,Baja California,202511,Entre 50 y 55 años,365.264583333,415.524962406,1266,1096,170,0,290,266,24,0
7,Transportes y comunicaciones,Baja California,202511,Entre 55 y 60 años,381.098,409.438070175,566,493,73,0,124,114,10,0
7,Transportes y comunicaciones,Baja California,202511,Entre 60 y 65 años,448.2525,392.161162791,242,215,27,0,47,43,4,0
7,Transportes y comunicaciones,Baja California,202511,Entre 65 y 70 años,461.39,383.456428571,83,78,5,0,15,14,1,0
7,Transportes y comunicaciones,Baja California,202511,Entre 70 y 75 años,,362.31,22,21,1,0,6,6,0,0
7,Transportes y comunicaciones,Baja California Sur,202511,75 años y más,,387.9585,323,292,31,0,20,20,0,0
7,Transportes y comunicaciones,Baja California Sur,202511,Entre 15 y 20 años,562.815,394.478333333,176,157,19,0,14,12,2,0
7,Transportes y comunicaciones,Baja California Sur,202511,Entre 20 y 25 años,292.9475,395.379126214,1309,1174,135,0,107,103,4,0
7,Transportes y comunicaciones,Baja California Sur,202511,Entre 25 y 30 años,390.730769231,393.55,1274,1084,190,0,132,119,13,0
7,Transportes y comunicaciones,Baja California Sur,202511,Entre 30 y 35 años,396.227142857,396.778206897,1129,929,200,0,166,145,21,0
7,Transportes y comunicaciones,Baja California Sur,202511,Entre 35 y 40 años,413.712307692,393.620192308,830,677,153,0,117,104,13,0
7,Transportes y comunicaciones,Baja California Sur,202511,Entre 40 y 45 años,386.66,418.009104478,618,494,124,0,75,67,8,0
7,Transportes y comunicaciones,Baja California Sur,202511,Entre 45 y 50 años,361.584285714,410.850983607,403,319,84,0,68,61,7,0
7,Transportes y comunicaciones,Baja California Sur,202511,Entre 50 y 55 años,342.543333333,429.126052632,224,195,29,0,41,38,3,0
7,Transportes y comunicaciones,Baja California Sur,202511,Entre 55 y 60 años,408.4025,372.593888889,114,103,11,0,22,18,4,0
7,Transportes y comunicaciones,Baja California Sur,202511,Entre 60 y 65 años,638.14,413.46625,65,53,12,0,9,8,1,0
7,Transportes y comunicaciones,Baja California Sur,202511,Entre 65 y 70 años,,346.69,15,15,0,0,2,2,0,0
7,Transportes y comunicaciones,Baja California Sur,202511,Entre 70 y 75 años,,,1,1,0,0,0,0,0,0
7,Transportes y comunicaciones,Campeche,202511,75 años y más,,364.414285714,466,434,32,0,7,7,0,0
7,Transportes y comunicaciones,Campeche,202511,Entre 15 y 20 años,,287.03,151,141,10,0,2,2,0,0
7,Transportes y comunicaciones,Campeche,202511,Entre 20 y 25 años,503.82,344.820119048,2229,2026,203,0,85,84,1,0
7,Transportes y comunicaciones,Campeche,202511,Entre 25 y 30 años,348.39875,362.526985294,3113,2756,357,0,144,136,8,0
7,Transportes y comunicaciones,Campeche,202511,Entre 30 y 35 años,313.657272727,382.589329609,3114,2723,391,0,190,179,11,0
7,Transportes y comunicaciones,Campeche,202511,Entre 35 y 40 años,360.028666667,399.968442211,2604,2253,351,0,214,199,15,0
7,Transportes y comunicaciones,Campeche,202511,Entre 40 y 45 años,360.019230769,395.332765957,1718,1513,205,0,154,141,13,0
7,Transportes y comunicaciones,Campeche,202511,Entre 45 y 50 años,363.1975,392.68,1043,921,122,0,111,107,4,0
7,Transportes y comunicaciones,Campeche,202511,Entre 50 y 55 años,360.783333333,403.029662921,735,631,104,0,98,89,9,0
7,Transportes y comunicaciones,Campeche,202511,Entre 55 y 60 años,328.32,431.177931034,406,356,50,0,62,58,4,0
7,Transportes y comunicaciones,Campeche,202511,Entre 60 y 65 años,,383.7875,151,139,12,0,20,20,0,0
7,Transportes y comunicaciones,Campeche,202511,Entre 65 y 70 años,,357.642,50,49,1,0,5,5,0,0
7,Transportes y comunicaciones,Campeche,202511,Entre 70 y 75 años,,338.263333333,15,13,2,0,3,3,0,0
7,Transportes y comunicaciones,Chiapas,202511,75 años y más,396.62,411.14,1355,1264,91,0,33,31,2,0
7,Transportes y comunicaciones,Chiapas,202511,Entre 15 y 20 años,383.66,365.839166667,296,277,19,0,25,24,1,0
7,Transportes y comunicaciones,Chiapas,202511,Entre 20 y 25 años,369.58,386.218938356,5551,5124,427,0,301,292,9,0
7,Transportes y comunicaciones,Chiapas,202511,Entre 25 y 30 años,365.645416667,402.445419708,7606,7023,583,0,572,548,24,0
7,Transportes y comunicaciones,Chiapas,202511,Entre 30 y 35 años,391.7404,404.920394737,6532,6009,523,0,633,608,25,0
7,Transportes y comunicaciones,Chiapas,202511,Entre 35 y 40 años,404.603913043,402.908260870,4897,4505,392,0,552,529,23,0
7,Transportes y comunicaciones,Chiapas,202511,Entre 40 y 45 años,387.099230769,412.261689373,3161,2902,259,0,380,367,13,0
7,Transportes y comunicaciones,Chiapas,202511,Entre 45 y 50 años,440.8,413.438896797,2014,1850,164,0,290,281,9,0
7,Transportes y comunicaciones,Chiapas,202511,Entre 50 y 55 años,370.052,400.939180328,1143,1019,124,0,193,183,10,0
7,Transportes y comunicaciones,Chiapas,202511,Entre 55 y 60 años,310.764,406.926548673,644,590,54,0,118,113,5,0
7,Transportes y comunicaciones,Chiapas,202511,Entre 60 y 65 años,,372.512142857,226,214,12,0,28,28,0,0
7,Transportes y comunicaciones,Chiapas,202511,Entre 65 y 70 años,,382.967692308,85,83,2,0,13,13,0,0
7,Transportes y comunicaciones,Chiapas,202511,Entre 70 y 75 años,,340.233333333,21,18,3,0,6,6,0,0
7,Transportes y comunicaciones,Chihuahua,202511,75 años y más,293.665,363.545344828,1410,1210,200,0,60,58,2,0
7,Transportes y comunicaciones,Chihuahua,202511,Entre 15 y 20 años,287.96,361.483289474,1633,1455,178,0,79,76,3,0
7,Transportes y comunicaciones,Chihuahua,202511,Entre 20 y 25 años,359.127894737,382.764568138,9854,8266,1588,0,559,521,38,0
7,Transportes y comunicaciones,Chihuahua,202511,Entre 25 y 30 años,376.065844156,393.998716137,10280,8366,1914,0,926,849,77,0
7,Transportes y comunicaciones,Chihuahua,202511,Entre 30 y 35 años,352.307297297,398.790601504,9427,7623,1804,0,1042,931,111,0
7,Transportes y comunicaciones,Chihuahua,202511,Entre 35 y 40 años,379.581379310,399.878287582,6721,5387,1334,0,852,765,87,0
7,Transportes y comunicaciones,Chihuahua,202511,Entre 40 y 45 años,371.045394737,395.365566667,4580,3743,837,0,676,600,76,0
7,Transportes y comunicaciones,Chihuahua,202511,Entre 45 y 50 años,367.229180328,389.920065502,3155,2565,590,0,519,458,61,0
7,Transportes y comunicaciones,Chihuahua,202511,Entre 50 y 55 años,368.001612903,401.309975186,2144,1782,362,0,434,403,31,0
7,Transportes y comunicaciones,Chihuahua,202511,Entre 55 y 60 años,344.21,405.686199095,1259,1097,162,0,237,221,16,0
7,Transportes y comunicaciones,Chihuahua,202511,Entre 60 y 65 años,429.206,385.184519231,587,528,59,0,109,104,5,0
7,Transportes y comunicaciones,Chihuahua,202511,Entre 65 y 70 años,,367.8655,213,205,8,0,40,40,0,0
7,Transportes y comunicaciones,Chihuahua,202511,Entre 70 y 75 años,,354.73375,36,35,1,0,8,8,0,0
7,Transportes y comunicaciones,Ciudad de México,202511,75 años y más,387.031739130,374.14709375,12052,10696,1356,0,343,320,23,0
7,Transportes y comunicaciones,Ciudad de México,202511,Entre 15 y 20 años,380.527777778,360.233770492,1228,1111,117,0,131,122,9,0
7,Transportes y comunicaciones,Ciudad de México,202511,Entre 20 y 25 años,366.202307692,374.007932765,37126,33218,3907,1,2110,1993,117,0
7,Transportes y comunicaciones,Ciudad de México,202511,Entre 25 y 30 años,361.973492823,381.382902698,50781,45478,5303,0,3878,3669,209,0
7,Transportes y comunicaciones,Ciudad de México,202511,Entre 30 y 35 años,356.824163701,381.709773490,51984,46493,5491,0,5049,4768,281,0
7,Transportes y comunicaciones,Ciudad de México,202511,Entre 35 y 40 años,348.671942675,387.381576046,46833,42296,4537,0,5574,5260,314,0
7,Transportes y comunicaciones,Ciudad de México,202511,Entre 40 y 45 años,351.915080386,391.981352006,42697,38798,3899,0,6095,5784,311,0
7,Transportes y comunicaciones,Ciudad de México,202511,Entre 45 y 50 años,361.039032258,391.453741376,32731,29652,3079,0,5352,5073,279,0
7,Transportes y comunicaciones,Ciudad de México,202511,Entre 50 y 55 años,377.778863636,394.490683510,24862,22529,2333,0,4653,4433,220,0
7,Transportes y comunicaciones,Ciudad de México,202511,Entre 55 y 60 años,360.703534483,391.781898778,14635,13449,1186,0,2981,2865,116,0
7,Transportes y comunicaciones,Ciudad de México,202511,Entre 60 y 65 años,361.993333333,383.262590674,7504,7063,441,0,1384,1351,33,0
7,Transportes y comunicaciones,Ciudad de México,202511,Entre 65 y 70 años,368.45,373.765450237,2814,2659,155,0,431,422,9,0
7,Transportes y comunicaciones,Ciudad de México,202511,Entre 70 y 75 años,373.525,361.823936170,770,712,58,0,96,94,2,0
7,Transportes y comunicaciones,Coahuila de Zaragoza,202511,75 años y más,487.93,371.3071875,752,681,71,0,34,32,2,0
7,Transportes y comunicaciones,Coahuila de Zaragoza,202511,Entre 15 y 20 años,451.07,359.865714286,876,794,82,0,50,49,1,0
7,Transportes y comunicaciones,Coahuila de Zaragoza,202511,Entre 20 y 25 años,387.65,379.112067183,6185,5579,606,0,402,387,15,0
7,Transportes y comunicaciones,Coahuila de Zaragoza,202511,Entre 25 y 30 años,389.935121951,391.063978349,7645,6898,747,0,780,739,41,0
7,Transportes y comunicaciones,Coahuila de Zaragoza,202511,Entre 30 y 35 años,352.224745763,402.397331839,8013,7092,921,0,951,892,59,0
7,Transportes y comunicaciones,Coahuila de Zaragoza,202511,Entre 35 y 40 años,401.635909091,398.850554217,6342,5571,771,0,896,830,66,0
7,Transportes y comunicaciones,Coahuila de Zaragoza,202511,Entre 40 y 45 años,378.533043478,405.447469325,4684,4135,549,0,698,652,46,0
7,Transportes y comunicaciones,Coahuila de Zaragoza,202511,Entre 45 y 50 años,353.706976744,398.180176125,3249,2898,351,0,554,511,43,0
7,Transportes y comunicaciones,Coahuila de Zaragoza,202511,Entre 50 y 55 años,360.752105263,403.542397820,2093,1877,216,0,386,367,19,0
7,Transportes y comunicaciones,Coahuila de Zaragoza,202511,Entre 55 y 60 años,396.384,405.870995475,1133,1035,98,0,231,221,10,0
7,Transportes y comunicaciones,Coahuila de Zaragoza,202511,Entre 60 y 65 años,397.29,384.672926829,629,583,46,0,125,123,2,0
7,Transportes y comunicaciones,Coahuila de Zaragoza,202511,Entre 65 y 70 años,473.94,405.065806452,190,180,10,0,33,31,2,0
7,Transportes y comunicaciones,Coahuila de Zaragoza,202511,Entre 70 y 75 años,,349.45,47,46,1,0,11,11,0,0
7,Transportes y comunicaciones,Colima,202511,75 años y más,,351.578888889,388,344,44,0,9,9,0,0
7,Transportes y comunicaciones,Colima,202511,Entre 15 y 20 años,,388.945,286,259,27,0,8,8,0,0
7,Transportes y comunicaciones,Colima,202511,Entre 20 y 25 años,362.925,381.677450980,1829,1648,181,0,57,51,6,0
7,Transportes y comunicaciones,Colima,202511,Entre 25 y 30 años,374.94125,400.865961538,1747,1535,212,0,112,104,8,0
7,Transportes y comunicaciones,Colima,202511,Entre 30 y 35 años,315.226,386.735876289,1448,1246,202,0,102,97,5,0
7,Transportes y comunicaciones,Colima,202511,Entre 35 y 40 años,402.867142857,387.440454545,1116,959,157,0,117,110,7,0
7,Transportes y comunicaciones,Colima,202511,Entre 40 y 45 años,382.391666667,395.758965517,728,619,109,0,99,87,12,0
7,Transportes y comunicaciones,Colima,202511,Entre 45 y 50 años,360.895,400.679705882,465,385,80,0,70,68,2,0
7,Transportes y comunicaciones,Colima,202511,Entre 50 y 55 años,356.55,395.846046512,325,275,50,0,44,43,1,0
7,Transportes y comunicaciones,Colima,202511,Entre 55 y 60 años,351.44,408.611290323,175,156,19,0,33,31,2,0
7,Transportes y comunicaciones,Colima,202511,Entre 60 y 65 años,374.86,409.2775,77,73,4,0,17,16,1,0
7,Transportes y comunicaciones,Colima,202511,Entre 65 y 70 años,,370.325555556,44,44,0,0,9,9,0,0
7,Transportes y comunicaciones,Colima,202511,Entre 70 y 75 años,,331.41,15,13,2,0,1,1,0,0
7,Transportes y comunicaciones,Durango,202511,75 años y más,326.71,420.006315789,712,650,62,0,20,19,1,0
7,Transportes y comunicaciones,Durango,202511,Entre 15 y 20 años,292.54,401.25,495,461,34,0,14,13,1,0
7,Transportes y comunicaciones,Durango,202511,Entre 20 y 25 años,306.488,371.816898734,3679,3331,348,0,163,158,5,0
7,Transportes y comunicaciones,Durango,202511,Entre 25 y 30 años,326.016363636,381.168841202,3867,3439,428,0,244,233,11,0
7,Transportes y comunicaciones,Durango,202511,Entre 30 y 35 años,342.557,410.130976562,3613,3147,466,0,276,256,20,0
7,Transportes y comunicaciones,Durango,202511,Entre 35 y 40 años,362.766666667,402.477477064,2555,2233,322,0,230,218,12,0
7,Transportes y comunicaciones,Durango,202511,Entre 40 y 45 años,370.959642857,383.4775,1800,1554,246,0,224,196,28,0
7,Transportes y comunicaciones,Durango,202511,Entre 45 y 50 años,360.230666667,405.933072289,1253,1093,160,0,181,166,15,0
7,Transportes y comunicaciones,Durango,202511,Entre 50 y 55 años,468.721666667,416.197516340,817,710,107,0,159,153,6,0
7,Transportes y comunicaciones,Durango,202511,Entre 55 y 60 años,337.0725,408.412236842,449,398,51,0,80,76,4,0
7,Transportes y comunicaciones,Durango,202511,Entre 60 y 65 años,278.8,372.696521739,240,217,23,0,47,46,1,0
7,Transportes y comunicaciones,Durango,202511,Entre 65 y 70 años,,383.894444444,108,100,8,0,18,18,0,0
7,Transportes y comunicaciones,Durango,202511,Entre 70 y 75 años,,397.885,29,28,1,0,2,2,0,0
7,Transportes y comunicaciones,Extranjero/Extranjera,202511,75 años y más,410.18,365.333548387,535,476,59,0,34,31,3,0
7,Transportes y comunicaciones,Extranjero/Extranjera,202511,Entre 15 y 20 años,331.77,405.448571429,146,129,17,0,8,7,1,0
7,Transportes y comunicaciones,Extranjero/Extranjera,202511,Entre 20 y 25 años,313.31,403.962688172,1315,1149,166,0,96,93,3,0
7,Transportes y comunicaciones,Extranjero/Extranjera,202511,Entre 25 y 30 años,448.0525,421.276485149,1595,1423,172,0,210,202,8,0
7,Transportes y comunicaciones,Extranjero/Extranjera,202511,Entre 30 y 35 años,408.019444444,403.253909774,1921,1700,221,0,284,266,18,0
7,Transportes y comunicaciones,Extranjero/Extranjera,202511,Entre 35 y 40 años,348.588181818,407.519152542,1644,1469,175,0,247,236,11,0
7,Transportes y comunicaciones,Extranjero/Extranjera,202511,Entre 40 y 45 años,409.956470588,417.085572139,1173,1038,135,0,218,201,17,0
7,Transportes y comunicaciones,Extranjero/Extranjera,202511,Entre 45 y 50 años,330.484285714,425.589512195,898,801,97,0,171,164,7,0
7,Transportes y comunicaciones,Extranjero/Extranjera,202511,Entre 50 y 55 años,366.155,426.706578947,583,498,85,0,124,114,10,0
7,Transportes y comunicaciones,Extranjero/Extranjera,202511,Entre 55 y 60 años,322.886666667,428.932533333,401,346,55,0,78,75,3,0
7,Transportes y comunicaciones,Extranjero/Extranjera,202511,Entre 60 y 65 años,,411.213809524,204,179,25,0,42,42,0,0
7,Transportes y comunicaciones,Extranjero/Extranjera,202511,Entre 65 y 70 años,294.27,407.79,100,95,5,0,20,19,1,0
7,Transportes y comunicaciones,Extranjero/Extranjera,202511,Entre 70 y 75 años,,328.531428571,27,27,0,0,7,7,0,0
7,Transportes y comunicaciones,Guanajuato,202511,75 años y más,389.33,321.857333333,1854,1718,136,0,46,45,1,0
7,Transportes y comunicaciones,Guanajuato,202511,Entre 15 y 20 años,397.6,334.14,1417,1309,108,0,40,39,1,0
7,Transportes y comunicaciones,Guanajuato,202511,Entre 20 y 25 años,320.130666667,349.621751152,9805,9117,688,0,449,434,15,0
7,Transportes y comunicaciones,Guanajuato,202511,Entre 25 y 30 años,322.672758621,362.362429630,10668,9777,891,0,704,675,29,0
7,Transportes y comunicaciones,Guanajuato,202511,Entre 30 y 35 años,343.445555556,374.732360775,9311,8479,832,0,871,826,45,0
7,Transportes y comunicaciones,Guanajuato,202511,Entre 35 y 40 años,347.466041667,374.283715084,6934,6300,634,0,764,716,48,0
7,Transportes y comunicaciones,Guanajuato,202511,Entre 40 y 45 años,360.092820513,384.222191358,5147,4696,451,0,687,648,39,0
7,Transportes y comunicaciones,Guanajuato,202511,Entre 45 y 50 años,342.082758621,388.673965184,3335,3028,307,0,546,517,29,0
7,Transportes y comunicaciones,Guanajuato,202511,Entre 50 y 55 años,344.031666667,391.421084906,2389,2176,213,0,442,424,18,0
7,Transportes y comunicaciones,Guanajuato,202511,Entre 55 y 60 años,352.135,384.988429487,1402,1320,82,0,324,312,12,0
7,Transportes y comunicaciones,Guanajuato,202511,Entre 60 y 65 años,384.876666667,383.952561983,698,660,38,0,124,121,3,0
7,Transportes y comunicaciones,Guanajuato,202511,Entre 65 y 70 años,335.345,370.411590909,272,261,11,0,46,44,2,0
7,Transportes y comunicaciones,Guanajuato,202511,Entre 70 y 75 años,,344.243125,78,75,3,0,16,16,0,0
7,Transportes y comunicaciones,Guerrero,202511,75 años y más,359.25,365.922307692,718,651,67,0,14,13,1,0
7,Transportes y comunicaciones,Guerrero,202511,Entre 15 y 20 años,,358.565,194,173,21,0,14,14,0,0
7,Transportes y comunicaciones,Guerrero,202511,Entre 20 y 25 años,332.973333333,388.477435897,3022,2706,316,0,204,195,9,0
7,Transportes y comunicaciones,Guerrero,202511,Entre 25 y 30 años,380.970857143,398.070318302,4042,3605,437,0,412,377,35,0
7,Transportes y comunicaciones,Guerrero,202511,Entre 30 y 35 años,406.867083333,405.629731903,3520,3163,357,0,397,373,24,0
7,Transportes y comunicaciones,Guerrero,202511,Entre 35 y 40 años,389.973181818,416.641114130,2748,2460,288,0,390,368,22,0
7,Transportes y comunicaciones,Guerrero,202511,Entre 40 y 45 años,421.254615385,412.178196721,1880,1674,206,0,318,305,13,0
7,Transportes y comunicaciones,Guerrero,202511,Entre 45 y 50 años,347.894545455,419.422550607,1370,1229,141,0,258,247,11,0
7,Transportes y comunicaciones,Guerrero,202511,Entre 50 y 55 años,366.607,422.648888889,924,851,73,0,190,180,10,0
7,Transportes y comunicaciones,Guerrero,202511,Entre 55 y 60 años,322.306,412.806915888,508,467,41,0,112,107,5,0
7,Transportes y comunicaciones,Guerrero,202511,Entre 60 y 65 años,528.8,411.568490566,271,250,21,0,54,53,1,0
7,Transportes y comunicaciones,Guerrero,202511,Entre 65 y 70 años,380.35,418.509411765,106,96,10,0,18,17,1,0
7,Transportes y comunicaciones,Guerrero,202511,Entre 70 y 75 años,,472.745,26,23,3,0,2,2,0,0
7,Transportes y comunicaciones,Hidalgo,202511,75 años y más,,421.874545455,435,390,45,0,11,11,0,0
7,Transportes y comunicaciones,Hidalgo,202511,Entre 15 y 20 años,,338.215,99,93,6,0,6,6,0,0
7,Transportes y comunicaciones,Hidalgo,202511,Entre 20 y 25 años,369.172857143,403.527227723,1682,1538,144,0,108,101,7,0
7,Transportes y comunicaciones,Hidalgo,202511,Entre 25 y 30 años,417.746666667,431.636132597,2245,2063,182,0,187,181,6,0
7,Transportes y comunicaciones,Hidalgo,202511,Entre 30 y 35 años,393.910526316,412.999760956,2145,1920,225,0,270,251,19,0
7,Transportes y comunicaciones,Hidalgo,202511,Entre 35 y 40 años,342.771428571,419.231421801,1502,1374,128,0,218,211,7,0
7,Transportes y comunicaciones,Hidalgo,202511,Entre 40 y 45 años,424.183333333,420.670561798,1110,1008,102,0,184,178,6,0
7,Transportes y comunicaciones,Hidalgo,202511,Entre 45 y 50 años,330.978571429,410.834571429,827,752,75,0,147,140,7,0
7,Transportes y comunicaciones,Hidalgo,202511,Entre 50 y 55 años,378.555,402.705483871,552,499,53,0,130,124,6,0
7,Transportes y comunicaciones,Hidalgo,202511,Entre 55 y 60 años,317.37,375.776875,354,333,21,0,81,80,1,0
7,Transportes y comunicaciones,Hidalgo,202511,Entre 60 y 65 años,347.345,365.87875,190,181,9,0,34,32,2,0
7,Transportes y comunicaciones,Hidalgo,202511,Entre 65 y 70 años,,382.043529412,97,89,8,0,17,17,0,0
7,Transportes y comunicaciones,Hidalgo,202511,Entre 70 y 75 años,,318.434,35,29,6,0,5,5,0,0
7,Transportes y comunicaciones,Jalisco,202511,75 años y más,436.79375,361.010783133,4373,3951,422,0,174,166,8,0
7,Transportes y comunicaciones,Jalisco,202511,Entre 15 y 20 años,333.835,350.668761905,2848,2625,223,0,107,105,2,0
7,Transportes y comunicaciones,Jalisco,202511,Entre 20 y 25 años,356.240566038,372.561899671,20835,18962,1873,0,1269,1216,53,0
7,Transportes y comunicaciones,Jalisco,202511,Entre 25 y 30 años,345.214782609,374.933493590,22041,19948,2093,0,1964,1872,92,0
7,Transportes y comunicaciones,Jalisco,202511,Entre 30 y 35 años,357.558807947,385.815794302,19582,17504,2078,0,2222,2071,151,0
7,Transportes y comunicaciones,Jalisco,202511,Entre 35 y 40 años,353.464306569,394.302507508,16183,14401,1782,0,2135,1998,137,0
7,Transportes y comunicaciones,Jalisco,202511,Entre 40 y 45 años,361.939487179,396.472536232,12155,10846,1309,0,1911,1794,117,0
7,Transportes y comunicaciones,Jalisco,202511,Entre 45 y 50 años,360.331176471,398.464130274,8381,7416,965,0,1453,1351,102,0
7,Transportes y comunicaciones,Jalisco,202511,Entre 50 y 55 años,347.9875,390.008883721,6014,5363,651,0,1143,1075,68,0
7,Transportes y comunicaciones,Jalisco,202511,Entre 55 y 60 años,382.8465625,395.002213855,3175,2894,281,0,696,664,32,0
7,Transportes y comunicaciones,Jalisco,202511,Entre 60 y 65 años,398.611111111,386.692625899,1497,1400,97,0,287,278,9,0
7,Transportes y comunicaciones,Jalisco,202511,Entre 65 y 70 años,,369.574788732,522,487,35,0,71,71,0,0
7,Transportes y comunicaciones,Jalisco,202511,Entre 70 y 75 años,,341.487727273,149,133,16,0,22,22,0,0
7,Transportes y comunicaciones,Michoacán de Ocampo,202511,75 años y más,357.33,332.309230769,986,928,58,0,16,13,3,0
7,Transportes y comunicaciones,Michoacán de Ocampo,202511,Entre 15 y 20 años,292.54,335.206666667,380,357,23,0,10,9,1,0
7,Transportes y comunicaciones,Michoacán de Ocampo,202511,Entre 20 y 25 años,323.481666667,364.764051282,4147,3859,288,0,201,195,6,0
7,Transportes y comunicaciones,Michoacán de Ocampo,202511,Entre 25 y 30 años,347.898947368,376.683657718,5064,4660,404,0,317,298,19,0
7,Transportes y comunicaciones,Michoacán de Ocampo,202511,Entre 30 y 35 años,344.231714286,389.207063291,4902,4439,463,0,430,395,35,0
7,Transportes y comunicaciones,Michoacán de Ocampo,202511,Entre 35 y 40 años,356.350833333,399.263134715,3707,3323,384,0,410,386,24,0
7,Transportes y comunicaciones,Michoacán de Ocampo,202511,Entre 40 y 45 años,330.515,393.568123167,2628,2320,308,0,361,341,20,0
7,Transportes y comunicaciones,Michoacán de Ocampo,202511,Entre 45 y 50 años,362.86875,401.975524194,1785,1574,211,0,264,248,16,0
7,Transportes y comunicaciones,Michoacán de Ocampo,202511,Entre 50 y 55 años,391.559,393.524794521,1258,1125,133,0,229,219,10,0
7,Transportes y comunicaciones,Michoacán de Ocampo,202511,Entre 55 y 60 años,457.416666667,399.624903226,775,722,53,0,161,155,6,0
7,Transportes y comunicaciones,Michoacán de Ocampo,202511,Entre 60 y 65 años,,386.167272727,480,450,30,0,88,88,0,0
7,Transportes y comunicaciones,Michoacán de Ocampo,202511,Entre 65 y 70 años,338.085,363.943235294,203,178,25,0,36,34,2,0
7,Transportes y comunicaciones,Michoacán de Ocampo,202511,Entre 70 y 75 años,,397.9025,65,63,2,0,8,8,0,0
7,Transportes y comunicaciones,Morelos,202511,75 años y más,,363.2175,1363,1232,131,0,16,16,0,0
7,Transportes y comunicaciones,Morelos,202511,Entre 15 y 20 años,,334.303125,156,144,12,0,16,16,0,0
7,Transportes y comunicaciones,Morelos,202511,Entre 20 y 25 años,339.798333333,382.259333333,3685,3332,353,0,141,135,6,0
7,Transportes y comunicaciones,Morelos,202511,Entre 25 y 30 años,336.0325,372.021219512,4275,3865,410,0,176,164,12,0
7,Transportes y comunicaciones,Morelos,202511,Entre 30 y 35 años,377.632857143,374.341260504,3578,3231,347,0,252,238,14,0
7,Transportes y comunicaciones,Morelos,202511,Entre 35 y 40 años,339.777333333,378.868034682,2378,2116,262,0,188,173,15,0
7,Transportes y comunicaciones,Morelos,202511,Entre 40 y 45 años,345.208888889,371.224195804,1660,1514,146,0,152,143,9,0
7,Transportes y comunicaciones,Morelos,202511,Entre 45 y 50 años,364.816666667,380.324051724,1147,1028,119,0,122,116,6,0
7,Transportes y comunicaciones,Morelos,202511,Entre 50 y 55 años,333.27,380.069166667,759,694,65,0,99,96,3,0
7,Transportes y comunicaciones,Morelos,202511,Entre 55 y 60 años,299.1,383.948043478,380,346,34,0,47,46,1,0
7,Transportes y comunicaciones,Morelos,202511,Entre 60 y 65 años,296.52,379.5028125,164,150,14,0,34,32,2,0
7,Transportes y comunicaciones,Morelos,202511,Entre 65 y 70 años,,431.963333333,46,45,1,0,3,3,0,0
7,Transportes y comunicaciones,Morelos,202511,Entre 70 y 75 años,,,18,18,0,0,0,0,0,0
7,Transportes y comunicaciones,México,202511,75 años y más,385.020526316,372.461214953,11436,10366,1070,0,233,214,19,0
7,Transportes y comunicaciones,México,202511,Entre 15 y 20 años,339.22,357.354387755,1235,1133,102,0,103,98,5,0
7,Transportes y comunicaciones,México,202511,Entre 20 y 25 años,365.977875,363.569508306,31528,28661,2867,0,1585,1505,80,0
7,Transportes y comunicaciones,México,202511,Entre 25 y 30 años,347.993703704,379.484798629,37259,33945,3314,0,2442,2334,108,0
7,Transportes y comunicaciones,México,202511,Entre 30 y 35 años,351.304195804,377.651565081,30521,27780,2741,0,2686,2543,143,0
7,Transportes y comunicaciones,México,202511,Entre 35 y 40 años,361.169690722,387.365327869,19430,17769,1661,0,2049,1952,97,0
7,Transportes y comunicaciones,México,202511,Entre 40 y 45 años,355.814189189,387.613906526,10242,9342,900,0,1208,1134,74,0
7,Transportes y comunicaciones,México,202511,Entre 45 y 50 años,393.4221875,389.349607610,6153,5634,519,0,873,841,32,0
7,Transportes y comunicaciones,México,202511,Entre 50 y 55 años,417.503333333,394.157024030,3326,3084,242,0,562,541,21,0
7,Transportes y comunicaciones,México,202511,Entre 55 y 60 años,429.894285714,395.880842105,1607,1507,100,0,292,285,7,0
7,Transportes y comunicaciones,México,202511,Entre 60 y 65 años,450.733333333,381.427027027,755,711,44,0,114,111,3,0
7,Transportes y comunicaciones,México,202511,Entre 65 y 70 años,,382.5365,275,259,16,0,40,40,0,0
7,Transportes y comunicaciones,México,202511,Entre 70 y 75 años,,365.426,60,56,4,0,10,10,0,0
7,Transportes y comunicaciones,Nayarit,202511,75 años y más,396.99,328.445384615,543,501,42,0,14,13,1,0
7,Transportes y comunicaciones,Nayarit,202511,Entre 15 y 20 años,,358.26375,197,182,15,0,8,8,0,0
7,Transportes y comunicaciones,Nayarit,202511,Entre 20 y 25 años,352.711428571,368.795328467,2242,2057,185,0,144,137,7,0
7,Transportes y comunicaciones,Nayarit,202511,Entre 25 y 30 años,325.554285714,370.455929648,2740,2528,212,0,206,199,7,0
7,Transportes y comunicaciones,Nayarit,202511,Entre 30 y 35 años,373.717142857,382.135942029,2624,2403,221,0,290,276,14,0
7,Transportes y comunicaciones,Nayarit,202511,Entre 35 y 40 años,363.610476190,388.417355932,2302,2082,220,0,316,295,21,0
7,Transportes y comunicaciones,Nayarit,202511,Entre 40 y 45 años,358.383333333,403.926100386,1777,1615,162,0,274,259,15,0
7,Transportes y comunicaciones,Nayarit,202511,Entre 45 y 50 años,400.59625,390.775023474,1276,1162,114,0,221,213,8,0
7,Transportes y comunicaciones,Nayarit,202511,Entre 50 y 55 años,377.742857143,408.003037037,852,791,61,0,142,135,7,0
7,Transportes y comunicaciones,Nayarit,202511,Entre 55 y 60 años,419.53,383.579753086,460,434,26,0,84,81,3,0
7,Transportes y comunicaciones,Nayarit,202511,Entre 60 y 65 años,,371.071063830,248,234,14,0,47,47,0,0
7,Transportes y comunicaciones,Nayarit,202511,Entre 65 y 70 años,370.09,382.055294118,103,99,4,0,18,17,1,0
7,Transportes y comunicaciones,Nayarit,202511,Entre 70 y 75 años,,415.7,26,25,1,0,1,1,0,0
7,Transportes y comunicaciones,Nuevo León,202511,75 años y más,368.607777778,386.034158416,1729,1510,219,0,110,101,9,0
7,Transportes y comunicaciones,Nuevo León,202511,Entre 15 y 20 años,378.652,391.415298013,2701,2476,225,0,156,151,5,0
7,Transportes y comunicaciones,Nuevo León,202511,Entre 20 y 25 años,391.524117647,400.380992908,14645,13044,1601,0,1320,1269,51,0
7,Transportes y comunicaciones,Nuevo León,202511,Entre 25 y 30 años,382.496696429,416.515476644,17092,14995,2097,0,2210,2098,112,0
7,Transportes y comunicaciones,Nuevo León,202511,Entre 30 y 35 años,384.484817073,423.901964941,16800,14685,2115,0,2617,2453,164,0
7,Transportes y comunicaciones,Nuevo León,202511,Entre 35 y 40 años,387.105755814,433.298411335,13467,11809,1658,0,2501,2329,172,0
7,Transportes y comunicaciones,Nuevo León,202511,Entre 40 y 45 años,398.650689655,440.303310281,10593,9263,1330,0,2343,2169,174,0
7,Transportes y comunicaciones,Nuevo León,202511,Entre 45 y 50 años,389.354032258,449.041846690,7379,6546,833,0,1846,1722,124,0
7,Transportes y comunicaciones,Nuevo León,202511,Entre 50 y 55 años,396.536022727,450.387051978,4737,4175,562,0,1377,1289,88,0
7,Transportes y comunicaciones,Nuevo León,202511,Entre 55 y 60 años,405.7775,444.032402597,2719,2473,246,0,818,770,48,0
7,Transportes y comunicaciones,Nuevo León,202511,Entre 60 y 65 años,379.036666667,418.354082840,1302,1205,97,0,347,338,9,0
7,Transportes y comunicaciones,Nuevo León,202511,Entre 65 y 70 años,361.365,404.846574074,429,399,30,0,112,108,4,0
7,Transportes y comunicaciones,Nuevo León,202511,Entre 70 y 75 años,545.06,385.879,90,82,8,0,21,20,1,0
7,Transportes y comunicaciones,Oaxaca,202511,75 años y más,313.93,372.8628,800,725,75,0,28,25,3,0
7,Transportes y comunicaciones,Oaxaca,202511,Entre 15 y 20 años,383.19,349.225714286,247,224,23,0,15,14,1,0
7,Transportes y comunicaciones,Oaxaca,202511,Entre 20 y 25 años,358.925,395.872446809,3576,3250,326,0,198,188,10,0
7,Transportes y comunicaciones,Oaxaca,202511,Entre 25 y 30 años,397.0175,410.405535714,4527,4119,408,0,408,392,16,0
7,Transportes y comunicaciones,Oaxaca,202511,Entre 30 y 35 años,390.204,406.248808290,3971,3598,373,0,411,386,25,0
7,Transportes y comunicaciones,Oaxaca,202511,Entre 35 y 40 años,357.79,408.169014925,2828,2531,297,0,368,335,33,0
7,Transportes y comunicaciones,Oaxaca,202511,Entre 40 y 45 años,384.13,417.276489028,2080,1917,163,0,338,319,19,0
7,Transportes y comunicaciones,Oaxaca,202511,Entre 45 y 50 años,362.816,420.867085202,1461,1354,107,0,228,223,5,0
7,Transportes y comunicaciones,Oaxaca,202511,Entre 50 y 55 años,363.465555556,406.014709677,914,825,89,0,164,155,9,0
7,Transportes y comunicaciones,Oaxaca,202511,Entre 55 y 60 años,378.1625,412.275842697,451,419,32,0,93,89,4,0
7,Transportes y comunicaciones,Oaxaca,202511,Entre 60 y 65 años,345.73,416.307068966,267,247,20,0,59,58,1,0
7,Transportes y comunicaciones,Oaxaca,202511,Entre 65 y 70 años,374.05,384.883125,96,89,7,0,18,16,2,0
7,Transportes y comunicaciones,Oaxaca,202511,Entre 70 y 75 años,,432.415,32,29,3,0,4,4,0,0
7,Transportes y comunicaciones,Puebla,202511,75 años y más,363.12,344.433777778,1902,1769,133,0,48,45,3,0
7,Transportes y comunicaciones,Puebla,202511,Entre 15 y 20 años,,340.714166667,605,563,42,0,24,24,0,0
7,Transportes y comunicaciones,Puebla,202511,Entre 20 y 25 años,352.127272727,362.210981432,8172,7535,637,0,388,377,11,0
7,Transportes y comunicaciones,Puebla,202511,Entre 25 y 30 años,328.365,378.168186813,10338,9521,817,0,752,728,24,0
7,Transportes y comunicaciones,Puebla,202511,Entre 30 y 35 años,368.412121212,383.592765197,9327,8564,763,0,872,839,33,0
7,Transportes y comunicaciones,Puebla,202511,Entre 35 y 40 años,398.286363636,389.678040865,7053,6443,610,0,876,832,44,0
7,Transportes y comunicaciones,Puebla,202511,Entre 40 y 45 años,357.083076923,387.356089918,5286,4841,445,0,760,734,26,0
7,Transportes y comunicaciones,Puebla,202511,Entre 45 y 50 años,398.956666667,390.447548387,3850,3538,312,0,641,620,21,0
7,Transportes y comunicaciones,Puebla,202511,Entre 50 y 55 años,368.802727273,389.479855967,2567,2362,205,0,508,486,22,0
7,Transportes y comunicaciones,Puebla,202511,Entre 55 y 60 años,343.476,386.491408935,1437,1335,102,0,296,291,5,0
7,Transportes y comunicaciones,Puebla,202511,Entre 60 y 65 años,353.2,376.078333333,713,675,38,0,110,108,2,0
7,Transportes y comunicaciones,Puebla,202511,Entre 65 y 70 años,435.93,378.724358974,258,238,20,0,40,39,1,0
7,Transportes y comunicaciones,Puebla,202511,Entre 70 y 75 años,,366.143076923,79,77,2,0,13,13,0,0
7,Transportes y comunicaciones,Querétaro,202511,75 años y más,292.54,366.192173913,922,847,75,0,24,23,1,0
7,Transportes y comunicaciones,Querétaro,202511,Entre 15 y 20 años,,344.289565217,192,182,10,0,23,23,0,0
7,Transportes y comunicaciones,Querétaro,202511,Entre 20 y 25 años,357.343333333,372.493214286,3284,3033,251,0,199,196,3,0
7,Transportes y comunicaciones,Querétaro,202511,Entre 25 y 30 años,351.631176471,380.878625,4135,3743,392,0,337,320,17,0
7,Transportes y comunicaciones,Querétaro,202511,Entre 30 y 35 años,365.044761905,385.657272727,3659,3314,345,0,406,385,21,0
7,Transportes y comunicaciones,Querétaro,202511,Entre 35 y 40 años,336.718947368,376.763714286,2758,2497,261,0,334,315,19,0
7,Transportes y comunicaciones,Querétaro,202511,Entre 40 y 45 años,356.008,394.082118959,2079,1879,200,0,289,269,20,0
7,Transportes y comunicaciones,Querétaro,202511,Entre 45 y 50 años,339.883333333,401.461842105,1383,1263,120,0,237,228,9,0
7,Transportes y comunicaciones,Querétaro,202511,Entre 50 y 55 años,346.026666667,400.0146,877,813,64,0,159,150,9,0
7,Transportes y comunicaciones,Querétaro,202511,Entre 55 y 60 años,377.63,391.302717391,452,428,24,0,94,92,2,0
7,Transportes y comunicaciones,Querétaro,202511,Entre 60 y 65 años,363.52,384.147368421,185,172,13,0,40,38,2,0
7,Transportes y comunicaciones,Querétaro,202511,Entre 65 y 70 años,,405.769166667,75,72,3,0,12,12,0,0
7,Transportes y comunicaciones,Querétaro,202511,Entre 70 y 75 años,,,14,14,0,0,0,0,0,0
7,Transportes y comunicaciones,Quintana Roo,202511,75 años y más,278.8,394.275714286,1016,912,104,0,23,21,2,0
7,Transportes y comunicaciones,Quintana Roo,202511,Entre 15 y 20 años,,347.483809524,620,583,37,0,21,21,0,0
7,Transportes y comunicaciones,Quintana Roo,202511,Entre 20 y 25 años,341.952857143,344.903153846,4223,3763,460,0,137,130,7,0
7,Transportes y comunicaciones,Quintana Roo,202511,Entre 25 y 30 años,323.07,385.602829268,4118,3615,503,0,215,205,10,0
7,Transportes y comunicaciones,Quintana Roo,202511,Entre 30 y 35 años,367.471428571,386.546814159,3241,2798,443,0,240,226,14,0
7,Transportes y comunicaciones,Quintana Roo,202511,Entre 35 y 40 años,383.608421053,387.147987013,1713,1481,232,0,173,154,19,0
7,Transportes y comunicaciones,Quintana Roo,202511,Entre 40 y 45 años,381.0275,402.931585366,923,799,124,0,86,82,4,0
7,Transportes y comunicaciones,Quintana Roo,202511,Entre 45 y 50 años,351.328333333,377.776046512,422,376,46,0,49,43,6,0
7,Transportes y comunicaciones,Quintana Roo,202511,Entre 50 y 55 años,412.09,387.876875,159,137,22,0,17,16,1,0
7,Transportes y comunicaciones,Quintana Roo,202511,Entre 55 y 60 años,278.8,374.581428571,60,51,9,0,8,7,1,0
7,Transportes y comunicaciones,Quintana Roo,202511,Entre 60 y 65 años,,359.435,34,29,5,0,8,8,0,0
7,Transportes y comunicaciones,Quintana Roo,202511,Entre 65 y 70 años,,,6,6,0,0,0,0,0,0
7,Transportes y comunicaciones,Quintana Roo,202511,Entre 70 y 75 años,,,3,1,2,0,0,0,0,0
7,Transportes y comunicaciones,San Luis Potosí,202511,75 años y más,,366.1475,883,814,69,0,32,32,0,0
7,Transportes y comunicaciones,San Luis Potosí,202511,Entre 15 y 20 años,335.2225,346.363928571,775,713,62,0,32,28,4,0
7,Transportes y comunicaciones,San Luis Potosí,202511,Entre 20 y 25 años,377.498333333,384.989851852,5324,4816,508,0,282,270,12,0
7,Transportes y comunicaciones,San Luis Potosí,202511,Entre 25 y 30 años,365.371724138,398.482356979,6306,5628,678,0,466,437,29,0
7,Transportes y comunicaciones,San Luis Potosí,202511,Entre 30 y 35 años,373.891176471,389.971338843,6113,5429,684,0,639,605,34,0
7,Transportes y comunicaciones,San Luis Potosí,202511,Entre 35 y 40 años,375.546756757,394.178427419,4368,3836,532,0,533,496,37,0
7,Transportes y comunicaciones,San Luis Potosí,202511,Entre 40 y 45 años,372.850714286,406.715452128,2864,2530,334,0,404,376,28,0
7,Transportes y comunicaciones,San Luis Potosí,202511,Entre 45 y 50 años,348.852222222,398.792540193,1965,1710,255,0,329,311,18,0
7,Transportes y comunicaciones,San Luis Potosí,202511,Entre 50 y 55 años,377.402631579,409.178218623,1360,1204,156,0,266,247,19,0
7,Transportes y comunicaciones,San Luis Potosí,202511,Entre 55 y 60 años,408.176666667,407.215771429,793,717,76,0,178,175,3,0
7,Transportes y comunicaciones,San Luis Potosí,202511,Entre 60 y 65 años,349.625,415.197411765,444,416,28,0,87,85,2,0
7,Transportes y comunicaciones,San Luis Potosí,202511,Entre 65 y 70 años,,407.298461538,162,152,10,0,26,26,0,0
7,Transportes y comunicaciones,San Luis Potosí,202511,Entre 70 y 75 años,,442.701111111,49,44,5,0,9,9,0,0
7,Transportes y comunicaciones,Sinaloa,202511,75 años y más,310.3,353.307551020,1461,1372,89,0,50,49,1,0
7,Transportes y comunicaciones,Sinaloa,202511,Entre 15 y 20 años,371.75,351.968055556,987,913,74,0,37,36,1,0
7,Transportes y comunicaciones,Sinaloa,202511,Entre 20 y 25 años,368.1475,373.073717949,7724,7118,606,0,480,468,12,0
7,Transportes y comunicaciones,Sinaloa,202511,Entre 25 y 30 años,347.315675676,387.673091168,8982,8182,800,0,739,702,37,0
7,Transportes y comunicaciones,Sinaloa,202511,Entre 30 y 35 años,342.506,401.728022959,8436,7457,979,0,834,784,50,0
7,Transportes y comunicaciones,Sinaloa,202511,Entre 35 y 40 años,363.282758621,398.958277635,6536,5762,774,0,836,778,58,0
7,Transportes y comunicaciones,Sinaloa,202511,Entre 40 y 45 años,364.502962963,401.281762115,4915,4304,611,0,735,681,54,0
7,Transportes y comunicaciones,Sinaloa,202511,Entre 45 y 50 años,386.23575,400.335456172,3630,3185,445,0,599,559,40,0
7,Transportes y comunicaciones,Sinaloa,202511,Entre 50 y 55 años,408.454411765,401.248834197,2306,2013,293,0,420,386,34,0
7,Transportes y comunicaciones,Sinaloa,202511,Entre 55 y 60 años,378.843478261,387.948359375,1352,1217,135,0,279,256,23,0
7,Transportes y comunicaciones,Sinaloa,202511,Entre 60 y 65 años,340.896666667,371.769549550,629,577,52,0,117,111,6,0
7,Transportes y comunicaciones,Sinaloa,202511,Entre 65 y 70 años,,376.093333333,229,207,22,0,21,21,0,0
7,Transportes y comunicaciones,Sinaloa,202511,Entre 70 y 75 años,,409.44,63,61,2,0,10,10,0,0
7,Transportes y comunicaciones,Sonora,202511,75 años y más,,344.696,878,788,90,0,45,45,0,0
7,Transportes y comunicaciones,Sonora,202511,Entre 15 y 20 años,560.54,337.5772,651,606,45,0,26,25,1,0
7,Transportes y comunicaciones,Sonora,202511,Entre 20 y 25 años,354.1475,373.813508287,5565,5042,523,0,386,362,24,0
7,Transportes y comunicaciones,Sonora,202511,Entre 25 y 30 años,338.889245283,386.333923841,6723,5892,831,0,657,604,53,0
7,Transportes y comunicaciones,Sonora,202511,Entre 30 y 35 años,352.875820896,390.217443503,6466,5556,910,0,775,708,67,0
7,Transportes y comunicaciones,Sonora,202511,Entre 35 y 40 años,352.360657895,400.211290323,5203,4400,803,0,665,589,76,0
7,Transportes y comunicaciones,Sonora,202511,Entre 40 y 45 años,371.732083333,403.420492958,4036,3426,610,0,640,568,72,0
7,Transportes y comunicaciones,Sonora,202511,Entre 45 y 50 años,354.628474576,404.789530612,3023,2550,473,0,549,490,59,0
7,Transportes y comunicaciones,Sonora,202511,Entre 50 y 55 años,364.068648649,400.480428212,1973,1672,301,0,434,397,37,0
7,Transportes y comunicaciones,Sonora,202511,Entre 55 y 60 años,390.417916667,402.035630631,1137,981,156,0,246,222,24,0
7,Transportes y comunicaciones,Sonora,202511,Entre 60 y 65 años,328.355,372.02816,599,547,52,0,127,125,2,0
7,Transportes y comunicaciones,Sonora,202511,Entre 65 y 70 años,392.41,399.635641026,235,220,15,0,42,39,3,0
7,Transportes y comunicaciones,Sonora,202511,Entre 70 y 75 años,278.8,429.57,64,62,2,0,11,10,1,0
7,Transportes y comunicaciones,Tabasco,202511,75 años y más,376.075,370.861764706,773,711,62,0,19,17,2,0
7,Transportes y comunicaciones,Tabasco,202511,Entre 15 y 20 años,307.69,392.049375,408,376,32,0,19,16,3,0
7,Transportes y comunicaciones,Tabasco,202511,Entre 20 y 25 años,376.617,372.151463415,4382,3974,408,0,215,205,10,0
7,Transportes y comunicaciones,Tabasco,202511,Entre 25 y 30 años,398.84625,393.460717949,5807,5250,557,0,414,390,24,0
7,Transportes y comunicaciones,Tabasco,202511,Entre 30 y 35 años,407.640952381,399.772986726,5412,4856,556,0,473,452,21,0
7,Transportes y comunicaciones,Tabasco,202511,Entre 35 y 40 años,350.350357143,403.674417040,4193,3793,400,0,474,446,28,0
7,Transportes y comunicaciones,Tabasco,202511,Entre 40 y 45 años,395.282857143,399.577138554,2919,2650,269,0,346,332,14,0
7,Transportes y comunicaciones,Tabasco,202511,Entre 45 y 50 años,367.485,398.364085106,1801,1605,196,0,247,235,12,0
7,Transportes y comunicaciones,Tabasco,202511,Entre 50 y 55 años,369.592307692,401.053823529,1019,913,106,0,149,136,13,0
7,Transportes y comunicaciones,Tabasco,202511,Entre 55 y 60 años,391.828333333,397.592151899,487,441,46,0,85,79,6,0
7,Transportes y comunicaciones,Tabasco,202511,Entre 60 y 65 años,,409.266551724,163,152,11,0,29,29,0,0
7,Transportes y comunicaciones,Tabasco,202511,Entre 65 y 70 años,,353.267,56,52,4,0,10,10,0,0
7,Transportes y comunicaciones,Tabasco,202511,Entre 70 y 75 años,415.91,391.72,11,9,2,0,2,1,1,0
7,Transportes y comunicaciones,Tamaulipas,202511,75 años y más,370.185,367.208035714,1320,1157,163,0,60,56,4,0
7,Transportes y comunicaciones,Tamaulipas,202511,Entre 15 y 20 años,396.315,377.339428571,726,675,51,0,37,35,2,0
7,Transportes y comunicaciones,Tamaulipas,202511,Entre 20 y 25 años,372.425428571,394.653872340,7047,6219,828,0,505,470,35,0
7,Transportes y comunicaciones,Tamaulipas,202511,Entre 25 y 30 años,397.958636364,409.682439372,8121,7150,971,0,745,701,44,0
7,Transportes y comunicaciones,Tamaulipas,202511,Entre 30 y 35 años,399.868656716,418.974907749,7425,6426,999,0,880,813,67,0
7,Transportes y comunicaciones,Tamaulipas,202511,Entre 35 y 40 años,400.820961538,416.789341021,5627,4892,735,0,659,607,52,0
7,Transportes y comunicaciones,Tamaulipas,202511,Entre 40 y 45 años,358.369487179,415.112584493,4015,3496,519,0,542,503,39,0
7,Transportes y comunicaciones,Tamaulipas,202511,Entre 45 y 50 años,393.492058824,420.542918660,2670,2339,331,0,452,418,34,0
7,Transportes y comunicaciones,Tamaulipas,202511,Entre 50 y 55 años,387.040454545,400.155551839,1832,1611,221,0,321,299,22,0
7,Transportes y comunicaciones,Tamaulipas,202511,Entre 55 y 60 años,401.696111111,421.879790576,1105,978,127,0,209,191,18,0
7,Transportes y comunicaciones,Tamaulipas,202511,Entre 60 y 65 años,323.94,381.734941176,571,524,47,0,88,85,3,0
7,Transportes y comunicaciones,Tamaulipas,202511,Entre 65 y 70 años,,389.4556,184,176,8,0,25,25,0,0
7,Transportes y comunicaciones,Tamaulipas,202511,Entre 70 y 75 años,,404.355454545,57,55,2,0,11,11,0,0
7,Transportes y comunicaciones,Tlaxcala,202511,75 años y más,,366.58375,305,293,12,0,8,8,0,0
7,Transportes y comunicaciones,Tlaxcala,202511,Entre 15 y 20 años,,345.01,78,78,0,0,1,1,0,0
7,Transportes y comunicaciones,Tlaxcala,202511,Entre 20 y 25 años,333.846666667,354.725952381,1331,1268,63,0,45,42,3,0
7,Transportes y comunicaciones,Tlaxcala,202511,Entre 25 y 30 años,364.895,385.537866667,1726,1635,91,0,79,75,4,0
7,Transportes y comunicaciones,Tlaxcala,202511,Entre 30 y 35 años,314.34,378.258796296,1522,1420,102,0,113,108,5,0
7,Transportes y comunicaciones,Tlaxcala,202511,Entre 35 y 40 años,299.04,396.446777778,1164,1091,73,0,92,90,2,0
7,Transportes y comunicaciones,Tlaxcala,202511,Entre 40 y 45 años,,408.386136364,838,792,46,0,88,88,0,0
7,Transportes y comunicaciones,Tlaxcala,202511,Entre 45 y 50 años,390.045,399.441323529,591,552,39,0,70,68,2,0
7,Transportes y comunicaciones,Tlaxcala,202511,Entre 50 y 55 años,,418.0715625,369,349,20,0,64,64,0,0
7,Transportes y comunicaciones,Tlaxcala,202511,Entre 55 y 60 años,350.25,380.990294118,197,184,13,0,35,34,1,0
7,Transportes y comunicaciones,Tlaxcala,202511,Entre 60 y 65 años,,399.4516,125,121,4,0,25,25,0,0
7,Transportes y comunicaciones,Tlaxcala,202511,Entre 65 y 70 años,333.18,343.97,50,47,3,0,10,9,1,0
7,Transportes y comunicaciones,Tlaxcala,202511,Entre 70 y 75 años,,,15,15,0,0,0,0,0,0
7,Transportes y comunicaciones,Veracruz,202511,75 años y más,331.1475,385.984666667,1653,1495,158,0,49,45,4,0
7,Transportes y comunicaciones,Veracruz,202511,Entre 15 y 20 años,351.965,369.449333333,933,860,73,0,49,45,4,0
7,Transportes y comunicaciones,Veracruz,202511,Entre 20 y 25 años,414.095263158,398.273676976,10388,9437,951,0,601,582,19,0
7,Transportes y comunicaciones,Veracruz,202511,Entre 25 y 30 años,367.941,404.991541011,14689,13238,1451,0,1277,1207,70,0
7,Transportes y comunicaciones,Veracruz,202511,Entre 30 y 35 años,373.994534884,414.728009352,15204,13581,1623,0,1583,1497,86,0
7,Transportes y comunicaciones,Veracruz,202511,Entre 35 y 40 años,382.952386364,416.281541219,12000,10769,1231,0,1483,1395,88,0
7,Transportes y comunicaciones,Veracruz,202511,Entre 40 y 45 años,360.25703125,413.703199344,8896,7992,904,0,1283,1219,64,0
7,Transportes y comunicaciones,Veracruz,202511,Entre 45 y 50 años,365.599090909,414.545749730,6066,5522,544,0,971,927,44,0
7,Transportes y comunicaciones,Veracruz,202511,Entre 50 y 55 años,379.717878788,406.194984709,3911,3549,362,0,687,654,33,0
7,Transportes y comunicaciones,Veracruz,202511,Entre 55 y 60 años,392.167857143,404.578729282,2098,1929,169,0,376,362,14,0
7,Transportes y comunicaciones,Veracruz,202511,Entre 60 y 65 años,464.802,394.258506494,1009,922,87,0,159,154,5,0
7,Transportes y comunicaciones,Veracruz,202511,Entre 65 y 70 años,292.54,389.2006,332,313,19,0,51,50,1,0
7,Transportes y comunicaciones,Veracruz,202511,Entre 70 y 75 años,,418.317,107,102,5,0,10,10,0,0
7,Transportes y comunicaciones,Yucatán,202511,75 años y más,305.485,348.7612,891,790,101,0,27,25,2,0
7,Transportes y comunicaciones,Yucatán,202511,Entre 15 y 20 años,,359.118461538,435,401,34,0,13,13,0,0
7,Transportes y comunicaciones,Yucatán,202511,Entre 20 y 25 años,394.677857143,372.233275862,5287,4831,456,0,246,232,14,0
7,Transportes y comunicaciones,Yucatán,202511,Entre 25 y 30 años,329.206666667,394.059299363,7211,6529,682,0,495,471,24,0
7,Transportes y comunicaciones,Yucatán,202511,Entre 30 y 35 años,381.189411765,397.939375,7460,6642,818,0,675,624,51,0
7,Transportes y comunicaciones,Yucatán,202511,Entre 35 y 40 años,348.787234043,397.371765557,6420,5724,696,0,738,691,47,0
7,Transportes y comunicaciones,Yucatán,202511,Entre 40 y 45 años,349.5232,398.679581240,4923,4388,535,0,647,597,50,0
7,Transportes y comunicaciones,Yucatán,202511,Entre 45 y 50 años,372.608333333,404.794764957,3396,3077,319,0,492,468,24,0
7,Transportes y comunicaciones,Yucatán,202511,Entre 50 y 55 años,356.865555556,407.678607595,2376,2117,259,0,422,395,27,0
7,Transportes y comunicaciones,Yucatán,202511,Entre 55 y 60 años,390.190526316,397.098458150,1299,1176,123,0,246,227,19,0
7,Transportes y comunicaciones,Yucatán,202511,Entre 60 y 65 años,378.133333333,387.112473118,655,597,58,0,96,93,3,0
7,Transportes y comunicaciones,Yucatán,202511,Entre 65 y 70 años,278.8,358.727142857,190,182,8,0,36,35,1,0
7,Transportes y comunicaciones,Yucatán,202511,Entre 70 y 75 años,,389.821666667,66,61,5,0,6,6,0,0
7,Transportes y comunicaciones,Zacatecas,202511,75 años y más,,388.647142857,372,351,21,0,7,7,0,0
7,Transportes y comunicaciones,Zacatecas,202511,Entre 15 y 20 años,,459.7875,198,194,4,0,4,4,0,0
7,Transportes y comunicaciones,Zacatecas,202511,Entre 20 y 25 años,424.073333333,374.963157895,1596,1489,107,0,60,57,3,0
7,Transportes y comunicaciones,Zacatecas,202511,Entre 25 y 30 años,414.405,369.989834711,1878,1730,148,0,127,121,6,0
7,Transportes y comunicaciones,Zacatecas,202511,Entre 30 y 35 años,342.275,389.872402597,1491,1320,171,0,164,154,10,0
7,Transportes y comunicaciones,Zacatecas,202511,Entre 35 y 40 años,422.231818182,393.8021875,1333,1193,140,0,171,160,11,0
7,Transportes y comunicaciones,Zacatecas,202511,Entre 40 y 45 años,330.687777778,394.708623853,989,890,99,0,118,109,9,0
7,Transportes y comunicaciones,Zacatecas,202511,Entre 45 y 50 años,453.112,387.243934426,744,678,66,0,127,122,5,0
7,Transportes y comunicaciones,Zacatecas,202511,Entre 50 y 55 años,383.108,387.363663366,592,543,49,0,106,101,5,0
7,Transportes y comunicaciones,Zacatecas,202511,Entre 55 y 60 años,560.11,401.086629213,408,376,32,0,90,89,1,0
7,Transportes y comunicaciones,Zacatecas,202511,Entre 60 y 65 años,478.25,397.315576923,257,245,12,0,54,52,2,0
7,Transportes y comunicaciones,Zacatecas,202511,Entre 65 y 70 años,318.61,407.044666667,90,81,9,0,16,15,1,0
7,Transportes y comunicaciones,Zacatecas,202511,Entre 70 y 75 años,,414.75,32,28,4,0,4,4,0,0
